,Feature1,Label
0,-184.86540375000104,0
1,128.30759625,1
2,-103.7864037500001,0
3,-213.2674037500001,0
4,-229.91040375000009,0
5,-210.41640375000011,0
6,-168.37940375000008,0
7,-65.80840375000004,0
8,-231.88540375000014,0
9,-109.11040375000005,0
10,100.03259624999988,1
11,-341.5314037500001,0
12,107.07159624999998,1
13,-231.8424037500001,0
14,238.19459624999993,0
15,-168.2924037500001,0
16,127.40259624999989,1
17,-93.79740375000007,0
18,128.30859624999994,1
19,-162.01540375000016,0
20,53.82359624999993,1
21,-162.02240375000014,0
22,107.07159624999998,1
23,53.82259624999995,1
24,129.76559624999996,1
25,-103.82240375000005,0
26,117.19759624999996,1
27,68.09659624999995,1
28,301.91359624999996,0
29,100.03259624999988,1
30,-195.4244037500001,0
31,130.8145962499999,1
32,180.57759624999997,1
33,86.99159624999994,1
34,-80.20140375000008,0
35,32.84759624999993,0
36,-107.11740375000012,0
37,83.90759624999988,1
38,120.63359624999987,1
39,100.67859624999996,1
40,127.40259624999989,1
41,-146.8454037500001,0
42,-95.09840375000013,1
43,-257.56840375000013,0
44,-248.4424037500001,0
45,140.7195962499999,1
46,-260.7714037500001,0
47,-91.45240375000004,1
48,52.23959624999998,0
49,128.69559624999988,1
50,99.88059624999995,1
51,53.54359624999996,1
52,143.46359624999994,1
53,91.42459624999994,1
54,174.50559624999994,1
55,109.5075962499999,1
56,158.57859624999995,1
57,-74.20340375000012,0
58,127.01559624999994,1
59,-240.60140375000015,0
60,-149.75540375000003,0
61,68.09759624999994,1
62,-80.17840375000003,0
63,73.5215962499999,1
64,-174.69540375000008,0
65,-279.0124037500001,0
66,-74.30240375000007,0
67,121.87859624999989,1
68,158.57859624999995,1
69,120.63359624999987,1
70,-194.2824037500001,0
71,109.5075962499999,1
72,-236.82340375000007,0
73,-319.7044037500001,0
74,-190.4324037500001,0
75,144.5175962499999,1
76,86.18559624999989,1
77,81.3245962499999,1
78,-261.63940375000016,0
79,-103.57040375000008,0
80,-64.19040375000009,0
81,-135.36640375000016,0
82,152.06759624999998,1
83,-49.81740375000005,0
84,56.28359624999997,0
85,-25.06340375000002,0
86,73.52059624999994,1
87,4.012596249999889,0
88,-210.50940375000013,0
89,-117.38040375000004,0
90,124.05159624999989,1
91,-98.94240375000005,0
92,-149.7614037500001,0
93,-205.0004037500001,0
94,-237.71540375000006,0
95,-117.44340375000013,0
96,121.03559624999991,1
97,116.67759624999998,1
98,426.18859625,0
99,86.18559624999989,1
100,-319.6894037500001,0
101,109.92659624999989,1
102,85.83159624999996,0
103,108.91959624999993,1
104,-194.3544037500001,0
105,180.57759624999997,1
106,108.91959624999993,1
107,130.0125962499999,0
108,84.82159624999997,1
109,-190.5004037500001,0
110,143.46359624999994,1
111,-341.5354037500001,0
112,109.92359624999996,1
113,-103.51640375000012,0
114,92.1805962499999,1
115,76.91259624999999,1
116,115.88859624999999,1
117,-74.10740375000013,0
118,-220.60840375000015,0
119,157.24659624999995,1
120,-18.63440375000005,1
121,73.86159624999993,1
122,-233.7844037500001,0
123,107.07159624999998,1
124,173.22159624999998,1
125,143.1565962499999,1
126,-64.13140375000013,0
127,-151.64840375000006,0
128,-238.5834037500001,0
129,-80.32340375000013,0
130,103.66559624999991,1
131,-257.6414037500001,0
132,426.18859625,0
133,-171.5184037500001,0
134,-260.8214037500001,0
135,-80.22440375000009,0
136,577.8685962500001,0
137,140.71859624999993,1
138,-106.8974037500001,0
139,108.10059624999998,1
140,-98.93940375000012,0
141,110.8585962499999,1
142,43.66759624999998,1
143,-122.4834037500001,0
144,61.59459624999989,1
145,108.91959624999993,1
146,161.89559624999995,1
147,-60.67040375000011,1
148,-248.4164037500001,0
149,-117.53940375000016,0
150,161.89559624999995,1
151,115.88859624999999,1
152,83.90859624999997,1
153,109.5085962499999,1
154,130.57159625,1
155,-240.5994037500001,0
156,120.6325962499999,1
157,-149.82740375000006,0
158,-172.21840375000014,0
159,-261.6604037500001,0
160,101.19359624999994,1
161,-248.44740375000012,0
162,95.98359624999989,1
163,99.88059624999995,1
164,240.93659625,0
165,-206.24140375000007,0
166,201.67859624999997,1
167,-184.84340375000005,0
168,-74.28940375000015,0
169,86.99059624999997,1
170,-44.15040375000013,1
171,-162.03640375000012,0
172,-155.89640375000013,0
173,577.9385962499999,0
174,-103.24440375000007,0
175,53.54359624999996,1
176,-25.00940375000005,0
177,-55.43340375000003,1
178,173.22059625000003,1
179,121.87759624999993,1
180,0.5805962499998715,0
181,120.63359624999987,1
182,-170.9464037500001,0
183,426.3385962500001,0
184,121.87759624999993,1
185,-233.8164037500001,0
186,-174.66840375000004,0
187,301.90959625,0
188,238.15359624999996,0
189,145.13359624999987,0
190,129.76559624999996,1
191,73.51959624999996,1
192,73.5215962499999,1
193,92.18159624999988,1
194,60.49659624999993,0
195,-64.12440375000007,0
196,-135.37440375000008,0
197,121.87859624999989,1
198,-278.95240375000014,0
199,130.56959624999993,1
200,-194.33540375000007,0
201,120.63359624999987,1
202,180.57759624999997,1
203,45.55259624999997,0
204,-98.98240375000012,0
205,85.81159625,1
206,-248.62740375000013,0
207,-195.43940375000008,0
208,-279.01340375000007,0
209,100.67759624999998,1
210,99.88059624999995,1
211,-70.11440375000008,1
212,120.63459624999997,1
213,-71.09540375000007,1
214,83.81359624999995,1
215,-96.74040375000007,1
216,86.18559624999989,1
217,56.2525962499999,0
218,121.87759624999993,1
219,155.07659625,1
220,-172.16840375000004,0
221,109.08559624999988,1
222,-277.1744037500001,0
223,-65.88940375000006,0
224,-115.56740375000004,0
225,128.6945962499999,1
226,109.43659625,1
227,-103.84540375000007,0
228,109.5085962499999,1
229,68.09759624999994,1
230,-220.60340375000013,0
231,79.85559624999998,1
232,60.63959624999997,0
233,-229.9074037500001,0
234,426.16859624999995,0
235,-171.6174037500001,0
236,136.79759625,1
237,-199.0564037500001,0
238,107.07159624999998,1
239,-162.04340375000004,0
240,68.09759624999994,1
241,53.54359624999996,1
242,109.92759624999998,1
243,-52.63940375000005,1
244,-149.7434037500001,0
245,109.92759624999998,1
246,-406.76740375000014,0
247,-171.51540375000016,0
248,-237.74040375000013,0
249,301.91059624999997,0
250,152.06859624999993,1
251,143.46359624999994,1
252,86.18659625,1
253,463.76859624999986,0
254,100.68159624999987,1
255,0.5715962499999706,0
256,-170.98640375000002,0
257,53.82259624999995,1
258,109.08359624999993,1
259,88.47959624999987,1
260,103.66659624999991,1
261,-115.54940375000014,0
262,218.88059624999997,1
263,426.21859624999996,0
264,-406.7224037500001,0
265,-277.05540375000015,0
266,-261.6454037500001,0
267,52.193596249999935,0
268,35.35459624999987,0
269,-98.95640375000006,0
270,-171.5714037500001,0
271,0.4085962499999597,0
272,92.1805962499999,1
273,-98.89140375000012,0
274,72.1945962499999,1
275,889.0385962500001,0
276,577.7685962499999,0
277,180.57759624999997,1
278,121.87759624999993,1
279,-406.7494037500001,0
280,-228.48340375000012,0
281,120.6325962499999,1
282,-341.49640375000007,0
283,91.42459624999994,1
284,103.66659624999991,1
285,99.88059624999995,1
286,140.60059624999997,1
287,-103.73740375000014,0
288,-199.0634037500001,0
289,-194.3574037500001,0
290,53.54359624999996,1
291,140.60159624999997,1
292,-83.30540375000011,0
293,100.68159624999987,1
294,-109.11940375000006,0
295,-157.34740375000015,0
296,128.06159625,1
297,-277.06740375000015,0
298,-235.22340375000013,0
299,127.40259624999989,1
300,79.21059624999988,1
301,108.91959624999993,1
302,150.87959625,0
303,-341.51840375000006,0
304,128.69559624999988,1
305,76.91259624999999,1
306,83.81559624999989,1
307,201.67859624999997,1
308,158.57859624999995,1
309,84.82259624999996,1
310,-210.51640375000008,0
311,109.92659624999989,1
312,85.89759624999989,0
313,-67.46740375000013,1
314,174.64759624999988,1
315,-149.86240375000014,0
316,45.609596249999875,0
317,-117.4214037500001,0
318,81.32359624999994,1
319,120.72159624999998,1
320,79.85659624999994,1
321,53.82259624999995,1
322,-266.61440375000006,0
323,-237.6814037500001,0
324,79.85659624999994,1
325,81.3245962499999,1
326,68.09759624999994,1
327,-248.61240375000008,0
328,-238.6914037500001,0
329,-109.19140375000006,0
330,84.82259624999996,1
331,81.3245962499999,1
332,463.7785962499999,0
333,-173.17440375000015,0
334,109.5085962499999,1
335,103.66659624999991,1
336,61.59459624999989,1
337,-115.5504037500001,0
338,-170.87140375000013,0
339,92.1805962499999,1
340,-171.4894037500001,0
341,101.19359624999994,1
342,-174.70440375000013,0
343,150.72059624999997,0
344,108.91959624999993,1
345,-109.12140375000014,0
346,-210.4614037500001,0
347,32.85159624999995,0
348,53.54359624999996,1
349,-74.22540375000007,0
350,-174.69240375000007,0
351,161.89659624999993,1
352,86.99059624999997,1
353,104.56259624999997,1
354,100.67959624999995,1
355,109.92759624999998,1
356,-122.47740375000015,0
357,130.81259624999998,1
358,-74.24640375000013,0
359,-277.0914037500001,0
360,130.81359624999996,1
361,-220.59740375000007,0
362,155.07659625,1
363,155.07859624999995,1
364,140.60059624999997,1
365,116.67859624999994,1
366,68.09759624999994,1
367,-229.92540375000013,0
368,109.5085962499999,1
369,145.24659624999995,0
370,-157.24240375000014,0
371,-168.29740375000006,0
372,67.28259624999988,1
373,109.5075962499999,1
374,103.66659624999991,1
375,43.66759624999998,1
376,-206.26140375000008,0
377,96.07959624999991,1
378,889.02859625,0
379,100.67759624999998,1
380,-158.79640375000008,0
381,-199.06940375000008,0
382,-106.86540375000006,0
383,-174.6714037500001,0
384,-146.78840375000007,0
385,140.72059625,1
386,-257.6194037500001,0
387,99.87959624999996,1
388,53.82259624999995,1
389,158.57859624999995,1
390,73.5215962499999,1
391,-108.8004037500001,0
392,43.666596249999884,1
393,-65.78040375000012,0
394,89.11159624999995,1
395,-53.78340375000006,1
396,107.07259624999996,1
397,96.07959624999991,1
398,77.0745962499999,1
399,86.73259624999993,1
400,240.86459625,0
401,112.6855962499999,1
402,116.67859624999994,1
403,43.66759624999998,1
404,115.88859624999999,1
405,-317.6474037500001,0
406,109.92559624999991,1
407,-65.77240375000008,0
408,92.18159624999988,1
409,-321.84340375000005,0
410,-106.8534037500001,0
411,85.8105962499999,1
412,130.57159625,1
413,104.75859624999988,1
414,-174.62040375000007,0
415,-103.86540375000006,0
416,120.72159624999998,1
417,145.1285962499999,0
418,68.09759624999994,1
419,-122.45840375000013,0
420,238.16459624999996,0
421,121.87759624999993,1
422,145.23659624999996,0
423,112.68459624999993,1
424,-274.0644037500001,0
425,121.87959624999998,1
426,128.30759625,1
427,-25.060403750000095,0
428,-60.0844037500001,1
429,150.80559624999992,0
430,117.19759624999996,1
431,86.73159624999995,1
432,45.634596249999966,0
433,-194.36040375000013,0
434,-106.85740375000015,0
435,145.13759624999992,0
436,-321.8394037500001,0
437,157.24659624999995,1
438,-103.14640375000013,0
439,-109.68840375000002,0
440,-156.59140375000007,0
441,-85.67740375000007,1
442,68.09759624999994,1
443,136.7955962499999,1
444,463.8085962499998,0
445,104.75959624999996,1
446,-109.12340375000011,0
447,120.9935962499999,1
448,-260.8474037500001,0
449,120.6325962499999,1
450,108.91859624999995,1
451,112.6855962499999,1
452,-229.94040375000012,0
453,-237.74740375000013,0
454,61.59459624999989,1
455,83.81459624999992,1
456,117.19759624999996,1
457,-184.84140375000013,0
458,100.67959624999995,1
459,117.19759624999996,1
460,140.60159624999997,1
461,68.09759624999994,1
462,121.87959624999998,1
463,112.6855962499999,1
464,-98.94640375000007,0
465,-237.6744037500001,0
466,-228.4744037500001,0
467,157.24559624999995,1
468,128.30759625,1
469,-274.06240375000016,0
470,-228.56240375000013,0
471,577.5685962499999,0
472,-58.828403750000135,1
473,100.67659624999989,1
474,180.57759624999997,1
475,-115.54840375000003,0
476,-103.13240375000011,0
477,-113.35240375000014,1
478,-172.69940375000013,0
479,-236.8094037500001,0
480,99.88059624999995,1
481,-117.38940375000004,0
482,-321.79540375000016,0
483,120.63359624999987,1
484,57.41159624999989,0
485,-25.06740375000004,0
486,-261.64240375000014,0
487,-146.80340375000006,0
488,61.59459624999989,1
489,-162.0504037500001,0
490,-319.6914037500001,0
491,72.1945962499999,1
492,173.22059625000003,1
493,104.56359624999995,1
494,-199.12440375000006,0
495,161.89659624999993,1
496,127.01659624999992,1
497,-266.56740375000015,0
498,-48.89740375000009,1
499,-135.26940375000004,0
500,121.03459624999995,1
501,-109.67740375000005,0
502,-95.49340375000008,1
503,53.54359624999996,1
504,-190.48340375000012,0
505,104.75959624999996,1
506,-229.96840375000008,0
507,73.5215962499999,1
508,-35.0604037500001,1
509,100.67759624999998,1
510,53.54359624999996,1
511,96.07959624999991,1
512,-168.32340375000015,0
513,127.01559624999994,1
514,-260.8334037500001,0
515,83.90859624999997,1
516,53.54359624999996,1
517,120.63359624999987,1
518,-130.12640375000012,0
519,-168.29940375000012,0
520,-162.06840375000016,0
521,-170.8884037500001,0
522,-109.76140375000013,0
523,129.76559624999996,1
524,99.87959624999996,1
525,-240.6724037500001,0
526,238.18459624999994,0
527,-317.7164037500001,0
528,100.03259624999988,1
529,-93.79240375000008,0
530,150.90559624999995,0
531,-70.31840375000013,1
532,-230.02540375000007,0
533,-260.8004037500001,0
534,201.67859624999997,1
535,107.07159624999998,1
536,-106.92740375000007,0
537,577.8185962499999,0
538,-229.9194037500001,0
539,99.88059624999995,1
540,-108.87440375000007,0
541,145.19459624999993,0
542,109.08559624999988,1
543,83.81359624999995,1
544,73.86259624999992,1
545,130.57159625,1
546,-108.82640375000007,0
547,-248.41840375000012,0
548,173.22059625000003,1
549,-237.72140375000012,0
550,-236.92040375000013,0
551,174.64659624999993,1
552,238.26659624999994,0
553,35.30259624999997,0
554,86.73159624999995,1
555,121.03459624999995,1
556,0.5315962499998933,0
557,-151.64140375000014,0
558,-130.16640375000011,0
559,143.46359624999994,1
560,95.98459624999987,1
561,-93.78640375000012,0
562,57.403596249999964,0
563,120.6325962499999,1
564,56.34959624999989,0
565,120.9935962499999,1
566,-199.0434037500001,0
567,-213.33840375000008,0
568,109.92759624999998,1
569,-29.410403750000114,0
570,73.86259624999992,1
571,-158.80440375000012,0
572,-83.18340375000004,0
573,95.98459624999987,1
574,86.73159624999995,1
575,108.91959624999993,1
576,35.197596249999954,0
577,301.75559624999994,0
578,109.08559624999988,1
579,150.86759624999993,0
580,-248.59940375000008,0
581,120.72259624999994,1
582,81.3245962499999,1
583,161.89459624999995,1
584,84.82159624999997,1
585,-108.85140375000005,0
586,121.87759624999993,1
587,89.11259624999991,1
588,60.484596249999875,0
589,-238.56140375000012,0
590,67.28259624999988,1
591,79.85559624999998,1
592,109.5075962499999,1
593,-170.91340375000004,0
594,-108.97940375000007,0
595,174.64759624999988,1
596,127.40159624999991,1
597,-172.26240375000012,0
598,180.57659624999997,1
599,85.80959624999993,1
600,-83.2194037500001,0
601,-231.8204037500001,0
602,91.42459624999994,1
603,-236.88440375000013,0
604,-173.15540375000012,0
605,72.1945962499999,1
606,60.61559624999995,0
607,48.99459624999997,1
608,73.86359624999989,1
609,-109.22740375000015,0
610,-235.21140375000013,0
611,174.50459624999996,1
612,-103.49640375000014,0
613,110.85659624999995,1
614,86.98959624999998,1
615,-217.91040375000009,0
616,84.82259624999996,1
617,-321.7844037500001,0
618,124.05059624999991,1
619,-231.8234037500001,0
620,48.9935962499999,1
621,145.21859624999993,0
622,88.47959624999987,1
623,140.7195962499999,1
624,155.07759624999997,1
625,-172.68440375000014,0
626,140.7195962499999,1
627,174.50559624999994,1
628,-98.87040375000005,0
629,-103.81240375000006,0
630,-157.7634037500001,0
631,-205.0174037500001,0
632,-157.8394037500001,0
633,-341.5614037500001,0
634,-29.428403750000033,0
635,107.07259624999996,1
636,52.050596249999906,0
637,-240.60140375000015,0
638,-130.15140375000013,0
639,-156.6144037500001,0
640,177.96659624999995,1
641,81.3245962499999,1
642,-190.5304037500001,0
643,76.91059624999993,1
644,127.01659624999992,1
645,45.613596249999894,0
646,-108.80840375000002,0
647,88.47959624999987,1
648,120.72259624999994,1
649,-158.79440375000016,0
650,129.95659624999996,0
651,152.06759624999998,1
652,108.91959624999993,1
653,-171.61040375000005,0
654,112.68459624999993,1
655,68.09759624999994,1
656,-278.9954037500001,0
657,45.51359624999998,0
658,99.88059624999995,1
659,106.94559624999988,1
660,155.07659625,1
661,-260.91940375000013,0
662,83.81359624999995,1
663,100.68059624999991,1
664,48.99459624999997,1
665,174.50559624999994,1
666,577.9085962500001,0
667,109.92659624999989,1
668,-319.69040375000014,0
669,83.81459624999992,1
670,-157.72540375000008,0
671,121.87859624999989,1
672,121.03559624999991,1
673,128.06159625,1
674,-171.03440375000002,0
675,-231.8584037500001,0
676,79.20959624999989,1
677,61.593596249999905,1
678,152.06759624999998,1
679,127.01459624999997,1
680,-206.2914037500001,0
681,218.87959625,1
682,-29.295403750000105,0
683,174.64659624999993,1
684,-210.42140375000008,0
685,-115.61240375000013,0
686,0.5735962499999233,0
687,-106.90240375000008,0
688,-279.0234037500001,0
689,-168.3774037500001,0
690,-278.95640375000005,0
691,-260.7864037500001,0
692,109.0845962499999,1
693,157.24659624999995,1
694,-93.7624037500001,0
695,85.93559624999989,0
696,89.11159624999995,1
697,112.19759624999996,1
698,127.7865962499999,1
699,121.03359624999999,1
700,128.06259624999998,1
701,43.666596249999884,1
702,73.52059624999994,1
703,116.67659624999989,1
704,-155.91840375000007,0
705,117.19659624999998,1
706,115.88959624999997,1
707,35.3245962499999,0
708,-156.61840375000008,0
709,-248.41040375000006,0
710,-190.4894037500001,0
711,56.28059624999992,0
712,136.79859624999995,1
713,157.24659624999995,1
714,-122.66940375000016,0
715,-157.74040375000007,0
716,-171.5694037500001,0
717,108.91859624999995,1
718,130.57159625,1
719,-103.80340375000004,0
720,120.72059624999997,1
721,96.07759624999996,1
722,-146.78740375000007,0
723,-156.5954037500001,0
724,128.69559624999988,1
725,-261.6484037500001,0
726,-117.41340375000006,0
727,130.57159625,1
728,-217.8734037500001,0
729,-172.10140375000006,0
730,463.81859624999987,0
731,86.18559624999989,1
732,0.5635962499999324,0
733,-206.2994037500001,0
734,161.89659624999993,1
735,889.0385962500001,0
736,-261.63640375000006,0
737,103.66759624999999,1
738,120.63359624999987,1
739,-240.60040375000008,0
740,128.06159625,1
741,109.08559624999988,1
742,57.349596249999884,0
743,-38.05440375000013,1
744,-83.22140375000006,0
745,4.109596249999868,0
746,-317.63740375000015,0
747,-236.83640375000013,0
748,73.86259624999992,1
749,104.75959624999996,1
750,73.86359624999989,1
751,-155.99240375000014,0
752,-237.7084037500001,0
753,83.81359624999995,1
754,-151.7394037500001,0
755,161.89659624999993,1
756,-64.29040375000011,0
757,161.89559624999995,1
758,73.86359624999989,1
759,-171.56440375000014,0
760,-155.95340375000012,0
761,127.78559624999991,1
762,32.772596249999886,0
763,100.68059624999991,1
764,104.75959624999996,1
765,130.57159625,1
766,109.5085962499999,1
767,-122.48040375000006,0
768,130.09259624999996,0
769,127.01559624999994,1
770,-213.2804037500001,0
771,103.66659624999991,1
772,-204.9884037500001,0
773,99.87959624999996,1
774,-151.65040375000012,0
775,32.81859624999993,0
776,77.07559624999989,1
777,-237.78340375000013,0
778,-231.83640375000013,0
779,-213.2974037500001,0
780,-260.80740375000005,0
781,121.03559624999991,1
782,-204.99740375000013,0
783,-98.99640375000013,0
784,238.2245962499999,0
785,-277.14040375000013,0
786,-155.90340375000008,0
787,161.89459624999995,1
788,110.85759624999992,1
789,129.76559624999996,1
790,-406.77140375000016,0
791,152.06759624999998,1
792,238.24559624999998,0
793,83.81559624999989,1
794,-237.76940375000012,0
795,53.821596249999985,1
796,-151.6724037500001,0
797,86.99059624999997,1
798,96.07859624999992,1
799,68.09759624999994,1
800,-206.24840375000008,0
801,463.81859624999987,0
802,-171.51740375000008,0
803,101.19459624999992,1
804,-49.71440375000009,0
805,143.46359624999994,1
806,79.21059624999988,1
807,95.98359624999989,1
808,-65.74640375000014,0
809,112.19659625,1
810,86.73159624999995,1
811,136.79759625,1
812,177.96759624999996,1
813,-103.12540375000003,0
814,79.85659624999994,1
815,127.01459624999997,1
816,238.21459624999994,0
817,-233.7724037500001,0
818,-103.21240375000004,0
819,45.65459624999994,0
820,-233.7964037500001,0
821,-319.7034037500001,0
822,-98.81340375000003,0
823,-172.18340375000002,0
824,84.82259624999996,1
825,157.24559624999995,1
826,-83.27140375000012,0
827,85.9555962499999,0
828,-238.61240375000006,0
829,-122.47040375000007,0
830,-172.7824037500001,0
831,-98.85640375000004,0
832,86.73259624999993,1
833,127.7865962499999,1
834,218.88059624999997,1
835,-341.50940375000016,0
836,-406.75140375000007,0
837,-266.69740375000015,0
838,-151.65440375000006,0
839,108.10059624999998,1
840,-238.6404037500001,0
841,174.50559624999994,1
842,32.85559624999997,0
843,-237.6954037500001,0
844,-106.85940375000007,0
845,-238.57640375000008,0
846,108.91959624999993,1
847,-248.6044037500001,0
848,120.72259624999994,1
849,130.5705962499999,1
850,83.81459624999992,1
851,143.1565962499999,1
852,83.81459624999992,1
853,57.30659624999987,0
854,32.826596249999966,0
855,116.67759624999998,1
856,73.52259624999988,1
857,-317.7064037500001,0
858,129.76459624999998,1
859,161.89559624999995,1
860,-240.60140375000015,0
861,-107.12540375000005,0
862,577.8785962500001,0
863,108.10159624999996,1
864,127.7865962499999,1
865,56.24759624999991,0
866,463.76859624999986,0
867,130.81259624999998,1
868,109.92759624999998,1
869,110.8585962499999,1
870,140.7195962499999,1
871,89.11059624999997,1
872,463.85859625,0
873,88.47859624999991,1
874,53.54359624999996,1
875,-106.76940375000004,0
876,-117.36440375000008,0
877,72.1945962499999,1
878,84.8205962499999,1
879,-195.4534037500001,0
880,-319.68640375000007,0
881,129.9845962499999,0
882,-70.35140375000003,1
883,85.94559624999988,0
884,60.59159624999995,0
885,127.40259624999989,1
886,-156.61840375000008,0
887,81.3245962499999,1
888,53.54359624999996,1
889,120.72159624999998,1
890,112.19659625,1
891,-98.9544037500001,0
892,52.20159624999997,0
893,-248.6634037500001,0
894,301.91159624999995,0
895,889.17859625,0
896,-103.4694037500001,0
897,-174.6194037500001,0
898,85.83659624999997,0
899,130.57159625,1
900,-64.16440375000013,0
901,86.18559624999989,1
902,-190.4784037500001,0
903,45.65059624999992,0
904,-157.3054037500001,0
905,140.60159624999997,1
906,-106.90640375000011,0
907,83.90859624999997,1
908,-25.102403750000125,0
909,99.88059624999995,1
910,-233.79040375000008,0
911,-29.336403750000052,0
912,-80.21840375000012,0
913,-277.11340375000015,0
914,-25.01840375000006,0
915,48.99459624999997,1
916,-321.8364037500001,0
917,218.88059624999997,1
918,-130.1324037500001,0
919,140.71859624999993,1
920,-117.42940375000013,0
921,77.07559624999989,1
922,112.68459624999993,1
923,-146.78940375000016,0
924,109.92559624999991,1
925,108.91959624999993,1
926,92.1805962499999,1
927,81.3245962499999,1
928,143.15559624999995,1
929,76.9115962499999,1
930,173.22059625000003,1
931,201.67859624999997,1
932,-236.82740375000012,0
933,112.19759624999996,1
934,110.8585962499999,1
935,100.6755962499999,1
936,140.7195962499999,1
937,86.18459624999993,1
938,56.24759624999991,0
939,68.09759624999994,1
940,-229.9344037500001,0
941,-210.50440375000008,0
942,144.5175962499999,1
943,152.06759624999998,1
944,-109.14540375000013,0
945,143.1565962499999,1
946,-157.77040375000016,0
947,-266.58540375000007,0
948,-157.79140375000011,0
949,-103.86040375000005,0
950,-65.82540375000009,0
951,-149.78040375000012,0
952,463.8385962500001,0
953,-261.66740375000006,0
954,-62.338403750000126,1
955,-266.5794037500001,0
956,-217.94340375000007,0
957,-240.6024037500001,0
958,-257.56840375000013,0
959,140.7195962499999,1
960,-25.01340375000007,0
961,57.49559624999996,0
962,-74.24540375000005,0
963,83.81559624999989,1
964,120.72259624999994,1
965,127.40259624999989,1
966,-68.49540375000004,0
967,103.66659624999991,1
968,-151.71140375000007,0
969,-274.0314037500001,0
970,73.86359624999989,1
971,240.93659625,0
972,-195.38440375000013,0
973,-135.26540375000013,0
974,109.92659624999989,1
975,-240.65040375000007,0
976,109.0845962499999,1
977,463.61859625000005,0
978,-279.00840375000007,0
979,-44.87540375000003,1
980,144.5175962499999,1
981,-98.82840375000015,0
982,109.5075962499999,1
983,108.10059624999998,1
984,-65.7194037500001,0
985,92.18159624999988,1
986,174.64559624999995,1
987,-149.7674037500001,0
988,143.4645962499999,1
989,-217.85540375000008,0
990,-146.8734037500001,0
991,-230.0424037500001,0
992,-279.0114037500001,0
993,-109.80140375000009,0
994,-172.13940375000007,0
995,-171.52140375000013,0
996,180.57759624999997,1
997,-210.47540375000008,0
998,120.63459624999997,1
999,121.03459624999995,1
1000,-274.0884037500001,0
1001,100.67759624999998,1
1002,-199.16140375000012,0
1003,108.10159624999996,1
1004,-190.42540375000013,0
1005,121.03559624999991,1
1006,-171.49240375000014,0
1007,-230.0184037500001,0
1008,109.92459624999992,1
1009,108.91959624999993,1
1010,53.542596249999974,1
1011,86.73159624999995,1
1012,121.03459624999995,1
1013,130.57159625,1
1014,-210.4454037500001,0
1015,130.81359624999996,1
1016,129.76559624999996,1
1017,180.57759624999997,1
1018,-83.1854037500001,0
1019,108.91959624999993,1
1020,101.19459624999992,1
1021,-64.13840375000007,0
1022,-49.932403750000056,1
1023,104.56359624999995,1
1024,79.85659624999994,1
1025,140.60159624999997,1
1026,120.9935962499999,1
1027,177.96559624999998,1
1028,-321.79840375000015,0
1029,174.50459624999996,1
1030,-205.0514037500001,0
1031,-93.72240375000014,0
1032,-238.5394037500001,0
1033,-62.44540375000008,1
1034,128.30759625,1
1035,-233.8234037500001,0
1036,72.1945962499999,1
1037,145.18959624999994,0
1038,107.07359624999992,1
1039,86.99159624999994,1
1040,120.63359624999987,1
1041,109.92459624999992,1
1042,-115.56540375000012,0
1043,-170.84540375000006,0
1044,136.7965962499999,1
1045,-168.37840375000007,0
1046,45.637596249999895,0
1047,76.9115962499999,1
1048,-173.15540375000012,0
1049,91.42359624999996,1
1050,-171.48240375000017,0
1051,-95.09840375000013,1
1052,-80.25040375000005,0
1053,109.5075962499999,1
1054,99.88059624999995,1
1055,136.7965962499999,1
1056,-130.0884037500001,0
1057,-217.87540375000012,0
1058,218.88059624999997,1
1059,-210.4654037500001,0
1060,-231.83040375000007,0
1061,-103.16340375000006,0
1062,81.3245962499999,1
1063,4.049596249999922,0
1064,53.54359624999996,1
1065,-173.15540375000012,0
1066,116.67759624999998,1
1067,56.27859624999997,0
1068,-173.15440375000003,0
1069,144.51859624999997,1
1070,-103.90840375000005,0
1071,-199.0944037500001,0
1072,-257.6184037500001,0
1073,89.11159624999995,1
1074,-83.22340375000012,0
1075,86.99159624999994,1
1076,-57.611403750000036,1
1077,109.92459624999992,1
1078,157.24559624999995,1
1079,-93.75140375000014,0
1080,-206.22640375000012,0
1081,-195.3684037500001,0
1082,-158.77940375000003,0
1083,-98.82140375000006,0
1084,-108.92240375000007,0
1085,-37.41340375000005,1
1086,104.56259624999997,1
1087,143.1565962499999,1
1088,99.87959624999996,1
1089,-135.38840375000007,0
1090,81.3245962499999,1
1091,73.5215962499999,1
1092,-170.92940375000012,0
1093,108.09959624999989,1
1094,121.87859624999989,1
1095,68.09659624999995,1
1096,240.97759624999995,0
1097,-236.86040375000016,0
1098,128.69559624999988,1
1099,-103.47340375000012,0
1100,-68.49640375000014,0
1101,127.7865962499999,1
1102,0.575596249999876,0
1103,83.90759624999988,1
1104,115.88859624999999,1
1105,-103.12840375000009,0
1106,112.19659625,1
1107,174.64759624999988,1
1108,92.18159624999988,1
1109,161.89459624999995,1
1110,-321.8164037500001,0
1111,128.30759625,1
1112,68.09659624999995,1
1113,-229.93740375000013,0
1114,-25.10940375000007,0
1115,85.8105962499999,1
1116,124.05159624999989,1
1117,-62.338403750000126,1
1118,-260.8804037500001,0
1119,104.75959624999996,1
1120,106.94559624999988,1
1121,-162.05740375000005,0
1122,155.07759624999997,1
1123,426.16859624999995,0
1124,-321.8074037500001,0
1125,-317.6894037500001,0
1126,110.85759624999992,1
1127,-321.79140375000014,0
1128,-194.35340375000013,0
1129,52.094596249999896,0
1130,73.52059624999994,1
1131,240.86559624999998,0
1132,-158.79940375000015,0
1133,109.92259624999998,1
1134,-157.3624037500001,0
1135,-157.82540375000008,0
1136,53.54359624999996,1
1137,-274.01540375000013,0
1138,73.52259624999988,1
1139,130.5705962499999,1
1140,-235.27640375000013,0
1141,136.79759625,1
1142,129.98159624999997,0
1143,-184.8444037500001,0
1144,-106.86740375000012,0
1145,-170.97740375000015,0
1146,-172.21140375000007,0
1147,-238.53240375000007,0
1148,48.99459624999997,1
1149,109.5085962499999,1
1150,-213.3094037500001,0
1151,-231.83340375000012,0
1152,129.9875962499999,0
1153,-49.84840375000011,0
1154,155.07759624999997,1
1155,4.166596249999884,0
1156,56.24659624999993,0
1157,83.81359624999995,1
1158,426.3385962500001,0
1159,-60.156403750000095,1
1160,104.56359624999995,1
1161,121.87959624999998,1
1162,73.86359624999989,1
1163,127.01659624999992,1
1164,117.19759624999996,1
1165,-74.25040375000005,0
1166,-171.49740375000013,0
1167,-86.77440375000003,1
1168,-321.7734037500001,0
1169,-157.8544037500001,0
1170,-157.24940375000008,0
1171,-230.0214037500001,0
1172,-74.65840375000006,1
1173,-230.0284037500001,0
1174,95.98259624999993,1
1175,-172.15440375000003,0
1176,-171.47940375000007,0
1177,-220.6184037500001,0
1178,-317.6524037500001,0
1179,110.85759624999992,1
1180,48.995596249999956,1
1181,103.66659624999991,1
1182,-220.6284037500001,0
1183,-205.0154037500001,0
1184,115.88859624999999,1
1185,144.5175962499999,1
1186,-171.54440375000016,0
1187,-156.62740375000013,0
1188,-157.7774037500001,0
1189,145.24159624999996,0
1190,109.08559624999988,1
1191,68.09759624999994,1
1192,-151.65140375000013,0
1193,81.3245962499999,1
1194,-266.6304037500001,0
1195,-319.73340375000015,0
1196,144.5175962499999,1
1197,81.3245962499999,1
1198,-172.09340375000014,0
1199,-213.3934037500001,0
1200,112.68459624999993,1
1201,92.1805962499999,1
1202,150.7335962499999,0
1203,76.9115962499999,1
1204,155.07759624999997,1
1205,77.07559624999989,1
1206,177.96659624999995,1
1207,-233.80140375000013,0
1208,201.67859624999997,1
1209,-122.52340375000007,0
1210,72.1945962499999,1
1211,-103.56140375000008,0
1212,-204.99240375000008,0
1213,-25.049403750000128,0
1214,106.9445962499999,1
1215,79.21059624999988,1
1216,127.01559624999994,1
1217,92.1805962499999,1
1218,-231.8164037500001,0
1219,-122.45540375000009,0
1220,-171.4874037500001,0
1221,-117.48740375000014,0
1222,-80.19640375000007,0
1223,130.57159625,1
1224,124.05059624999991,1
1225,128.30859624999994,1
1226,-257.5864037500001,0
1227,-106.79340375000004,0
1228,240.97059625,0
1229,120.72159624999998,1
1230,-220.71340375000005,0
1231,127.01659624999992,1
1232,-162.08340375000014,0
1233,96.07959624999991,1
1234,-80.18440375000011,0
1235,115.88859624999999,1
1236,-248.62640375000012,0
1237,-168.28940375000016,0
1238,61.59459624999989,1
1239,48.99459624999997,1
1240,-220.5874037500001,0
1241,120.72259624999994,1
1242,83.90759624999988,1
1243,115.88859624999999,1
1244,889.23859625,0
1245,92.18159624999988,1
1246,-149.74940375000006,0
1247,109.92759624999998,1
1248,92.18159624999988,1
1249,-317.6564037500001,0
1250,-228.52640375000013,0
1251,48.9935962499999,1
1252,32.859596249999875,0
1253,92.1805962499999,1
1254,-155.8884037500001,0
1255,-135.3834037500001,0
1256,-248.41340375000016,0
1257,-27.265403750000136,1
1258,85.95059624999989,0
1259,127.01459624999997,1
1260,150.66059624999994,0
1261,173.22059625000003,1
1262,-248.6024037500001,0
1263,-59.15940375000003,1
1264,57.47159624999995,0
1265,-29.459403750000092,0
1266,-106.78940375000015,0
1267,143.1565962499999,1
1268,79.85659624999994,1
1269,-229.9224037500001,0
1270,112.19759624999996,1
1271,109.43659625,1
1272,577.7785962499999,0
1273,85.8105962499999,1
1274,-130.10740375000012,0
1275,-319.69040375000014,0
1276,112.19659625,1
1277,60.67659624999988,0
1278,120.9935962499999,1
1279,4.126596249999921,0
1280,426.14859625,0
1281,-213.39940375000012,0
1282,120.9935962499999,1
1283,174.64759624999988,1
1284,67.28259624999988,1
1285,127.01659624999992,1
1286,0.5695962499999042,0
1287,86.73159624999995,1
1288,88.47959624999987,1
1289,104.75859624999988,1
1290,-157.81140375000007,0
1291,73.5215962499999,1
1292,240.81759624999998,0
1293,120.9935962499999,1
1294,73.51959624999996,1
1295,-274.0054037500001,0
1296,-146.80740375000008,0
1297,86.18559624999989,1
1298,143.1565962499999,1
1299,88.47859624999991,1
1300,-231.82640375000005,0
1301,127.7865962499999,1
1302,201.6765962499999,1
1303,-274.01740375000014,0
1304,173.22059625000003,1
1305,110.85759624999992,1
1306,-93.71240375000004,0
1307,-108.89140375000012,0
1308,-155.86640375000016,0
1309,73.52259624999988,1
1310,127.7865962499999,1
1311,301.87559624999994,0
1312,-74.19040375000009,0
1313,-117.46040375000007,0
1314,577.92859625,0
1315,86.73159624999995,1
1316,-74.19840375000013,0
1317,48.99459624999997,1
1318,-217.8454037500001,0
1319,129.76459624999998,1
1320,-109.71840375000012,0
1321,-130.0944037500001,0
1322,177.96759624999996,1
1323,-220.6744037500001,0
1324,143.4645962499999,1
1325,240.97059625,0
1326,43.66759624999998,1
1327,140.7195962499999,1
1328,-279.01540375000013,0
1329,73.51959624999996,1
1330,103.66659624999991,1
1331,577.78859625,0
1332,152.06859624999993,1
1333,-190.4724037500001,0
1334,60.568596249999935,0
1335,104.75859624999988,1
1336,-130.14540375000013,0
1337,-57.69740375000004,1
1338,157.24559624999995,1
1339,-103.75840375000007,0
1340,180.57759624999997,1
1341,48.995596249999956,1
1342,100.03259624999988,1
1343,-98.9494037500001,0
1344,145.22259624999995,0
1345,60.66359624999996,0
1346,-195.43140375000013,0
1347,174.64759624999988,1
1348,-103.51040375000004,0
1349,-74.25540375000003,0
1350,-317.7384037500001,0
1351,-73.06540375000009,1
1352,-106.96040375000008,0
1353,67.28259624999988,1
1354,77.07559624999989,1
1355,-217.8474037500001,0
1356,107.07159624999998,1
1357,109.92659624999989,1
1358,218.88059624999997,1
1359,-109.69440375000012,0
1360,-158.73140375000006,0
1361,-168.30040375000016,0
1362,130.81259624999998,1
1363,53.54359624999996,1
1364,48.995596249999956,1
1365,-50.92740375000005,1
1366,48.99459624999997,1
1367,84.82259624999996,1
1368,104.75959624999996,1
1369,-103.70040375000009,0
1370,86.99059624999997,1
1371,-103.2094037500001,0
1372,-151.65340375000008,0
1373,72.1945962499999,1
1374,-64.17740375000007,0
1375,-109.65940375000005,0
1376,-93.82740375000004,0
1377,85.80959624999993,1
1378,0.5295962499999406,0
1379,52.14759624999988,0
1380,-146.78940375000016,0
1381,67.2815962499999,1
1382,-68.5744037500001,0
1383,136.7965962499999,1
1384,-257.57040375000014,0
1385,150.91759625,0
1386,240.86559624999998,0
1387,-68.5214037500001,0
1388,-171.51040375000005,0
1389,53.54359624999996,1
1390,4.041596249999885,0
1391,-231.88840375000007,0
1392,-80.2574037500001,0
1393,129.97559624999997,0
1394,-103.1664037500001,0
1395,-130.1144037500001,0
1396,-158.72640375000003,0
1397,115.88859624999999,1
1398,-74.22040375000007,0
1399,-217.91540375000008,0
1400,-109.71240375000004,0
1401,91.4255962499999,1
1402,-106.90240375000008,0
1403,463.8085962499998,0
1404,-274.0334037500001,0
1405,67.28259624999988,1
1406,121.87959624999998,1
1407,-158.78340375000008,0
1408,-174.61840375000008,0
1409,-62.72940375000008,1
1410,-130.05740375000005,0
1411,-83.19240375000005,0
1412,108.91959624999993,1
1413,79.85659624999994,1
1414,-257.57040375000014,0
1415,577.8385962500001,0
1416,106.9445962499999,1
1417,-162.00840375000013,0
1418,161.89659624999993,1
1419,-194.28540375000006,0
1420,240.93859624999993,0
1421,130.81259624999998,1
1422,-213.26140375000006,0
1423,150.74659624999995,0
1424,109.92559624999991,1
1425,130.57159625,1
1426,-19.344403750000083,1
1427,-109.18840375000002,0
1428,-204.99840375000008,0
1429,-206.27540375000012,0
1430,-64.25140375000012,0
1431,-174.69540375000008,0
1432,-168.29840375000006,0
1433,-107.07740375000004,0
1434,104.56359624999995,1
1435,-71.09540375000007,1
1436,-157.34240375000013,0
1437,67.28259624999988,1
1438,-103.52240375000008,0
1439,129.97859624999992,0
1440,109.92659624999989,1
1441,-195.48940375000012,0
1442,-248.6094037500001,0
1443,-184.7934037500001,0
1444,-93.71740375000016,0
1445,-220.68440375000011,0
1446,-155.93840375000005,0
1447,426.3385962500001,0
1448,127.01559624999994,1
1449,-173.1564037500001,0
1450,-172.77440375000006,0
1451,104.75859624999988,1
1452,218.88059624999997,1
1453,-109.67140375000008,0
1454,144.5165962499999,1
1455,128.30759625,1
1456,53.54359624999996,1
1457,-220.64340375000006,0
1458,-230.07640375000008,0
1459,99.88059624999995,1
1460,67.28259624999988,1
1461,-229.9984037500001,0
1462,-204.9954037500001,0
1463,218.8785962499999,1
1464,83.81459624999992,1
1465,136.7965962499999,1
1466,116.67659624999989,1
1467,-171.49440375000006,0
1468,144.5175962499999,1
1469,109.92459624999992,1
1470,-115.22040375000007,1
1471,92.18159624999988,1
1472,143.46359624999994,1
1473,426.17859625,0
1474,88.47959624999987,1
1475,81.32359624999994,1
1476,92.18159624999988,1
1477,-109.72340375000012,0
1478,79.21059624999988,1
1479,79.85559624999998,1
1480,-341.4924037500001,0
1481,143.46359624999994,1
1482,152.06759624999998,1
1483,180.57759624999997,1
1484,92.1805962499999,1
1485,161.89559624999995,1
1486,60.68859624999995,0
1487,-266.5964037500001,0
1488,43.66759624999998,1
1489,81.3245962499999,1
1490,45.60659624999994,0
1491,99.88059624999995,1
1492,48.9935962499999,1
1493,-103.13540375000004,0
1494,53.54359624999996,1
1495,-49.573403750000125,1
1496,108.91959624999993,1
1497,56.25059624999995,0
1498,-266.60240375000006,0
1499,83.81359624999995,1
1500,79.21159624999994,1
1501,174.64659624999993,1
1502,-190.41840375000012,0
1503,-25.04240375000007,0
1504,109.5085962499999,1
1505,79.85659624999994,1
1506,128.06159625,1
1507,-229.97140375000012,0
1508,-173.17140375000014,0
1509,86.73059624999996,1
1510,120.72259624999994,1
1511,110.85759624999992,1
1512,145.08259624999997,0
1513,128.30759625,1
1514,-115.61240375000013,0
1515,201.67859624999997,1
1516,-117.50340375000009,0
1517,121.87759624999993,1
1518,-98.93840375000002,0
1519,86.18559624999989,1
1520,-172.72240375000013,0
1521,-107.16440375000015,0
1522,218.88059624999997,1
1523,238.09259624999996,0
1524,-228.45540375000007,0
1525,-63.64040375000014,1
1526,4.091596249999952,0
1527,-235.22840375000013,0
1528,109.92759624999998,1
1529,52.10159624999994,0
1530,-279.00440375000005,0
1531,68.09759624999994,1
1532,-103.77940375000004,0
1533,92.1805962499999,1
1534,173.22059625000003,1
1535,57.44159624999998,0
1536,109.43659625,1
1537,-173.15540375000012,0
1538,-237.70140375000005,0
1539,-64.23840375000009,0
1540,-91.45240375000004,1
1541,61.59259624999994,1
1542,-146.78840375000007,0
1543,128.30759625,1
1544,-60.15040375000013,1
1545,104.75859624999988,1
1546,-277.1074037500001,0
1547,100.67959624999995,1
1548,-213.4464037500001,0
1549,127.40259624999989,1
1550,91.42459624999994,1
1551,48.995596249999956,1
1552,-217.8574037500001,0
1553,128.30759625,1
1554,99.88059624999995,1
1555,301.90959625,0
1556,-317.7114037500001,0
1557,100.68059624999991,1
1558,-266.65740375000007,0
1559,128.69559624999988,1
1560,-235.30340375000011,0
1561,-108.93940375000012,0
1562,56.24859624999989,0
1563,-103.1374037500001,0
1564,-217.85340375000015,0
1565,-107.19140375000008,0
1566,-98.84940375000008,0
1567,108.10059624999998,1
1568,177.96759624999996,1
1569,73.52059624999994,1
1570,-195.46840375000005,0
1571,-341.5824037500001,0
1572,889.17859625,0
1573,-274.0194037500001,0
1574,95.98259624999993,1
1575,-172.78940375000013,0
1576,-172.12440375000006,0
1577,-88.47640375000005,1
1578,177.96559624999998,1
1579,-74.29440375000014,0
1580,48.995596249999956,1
1581,107.07259624999996,1
1582,150.8925962499999,0
1583,96.07859624999992,1
1584,-151.66840375000007,0
1585,108.10159624999996,1
1586,79.85659624999994,1
1587,158.5795962499999,1
1588,96.07859624999992,1
1589,-261.7054037500001,0
1590,140.60259624999995,1
1591,-319.73240375000006,0
1592,-184.86740375000008,0
1593,53.82259624999995,1
1594,85.8105962499999,1
1595,-29.393403750000065,0
1596,-317.64240375000014,0
1597,-65.73740375000011,0
1598,-80.32940375000011,0
1599,61.59459624999989,1
1600,115.88959624999997,1
1601,109.5075962499999,1
1602,89.11159624999995,1
1603,95.98359624999989,1
1604,-220.63840375000012,0
1605,61.593596249999905,1
1606,158.57859624999995,1
1607,-235.27940375000009,0
1608,143.15559624999995,1
1609,-156.61540375000007,0
1610,-149.78340375000008,0
1611,92.1805962499999,1
1612,121.87859624999989,1
1613,121.03559624999991,1
1614,120.63359624999987,1
1615,-184.8634037500001,0
1616,-341.55640375000013,0
1617,-172.7674037500001,0
1618,-248.6624037500001,0
1619,109.43659625,1
1620,-103.5654037500001,0
1621,174.50559624999994,1
1622,-34.72640375000004,1
1623,-49.784403750000024,0
1624,53.82259624999995,1
1625,136.7965962499999,1
1626,-194.33340375000012,0
1627,-172.80440375000012,0
1628,109.5085962499999,1
1629,-135.33240375000005,0
1630,129.76459624999998,1
1631,110.85659624999995,1
1632,73.52059624999994,1
1633,57.418596249999965,0
1634,53.82259624999995,1
1635,68.09759624999994,1
1636,81.3245962499999,1
1637,68.09759624999994,1
1638,240.97059625,0
1639,53.54359624999996,1
1640,155.07659625,1
1641,127.40259624999989,1
1642,120.6325962499999,1
1643,116.67759624999998,1
1644,88.47959624999987,1
1645,109.43659625,1
1646,-109.66540375000012,0
1647,177.96659624999995,1
1648,127.78559624999991,1
1649,-156.5424037500001,0
1650,-260.77940375000014,0
1651,53.821596249999985,1
1652,-29.276403750000103,0
1653,109.43759624999997,1
1654,77.0745962499999,1
1655,120.63359624999987,1
1656,77.07559624999989,1
1657,130.57259624999998,1
1658,104.56259624999997,1
1659,127.01659624999992,1
1660,-277.08540375000007,0
1661,-135.35740375000015,0
1662,115.88859624999999,1
1663,101.19359624999994,1
1664,-205.0784037500001,0
1665,-49.70740375000004,0
1666,-107.15640375000011,0
1667,48.99459624999997,1
1668,-158.7294037500001,0
1669,124.05159624999989,1
1670,-107.10940375000007,0
1671,-49.83140375000006,0
1672,43.66759624999998,1
1673,109.5075962499999,1
1674,99.88059624999995,1
1675,77.07559624999989,1
1676,127.40159624999991,1
1677,238.07159625,0
1678,79.85659624999994,1
1679,48.995596249999956,1
1680,-217.8714037500001,0
1681,143.46259624999996,1
1682,-230.04740375000006,0
1683,73.5215962499999,1
1684,152.06759624999998,1
1685,89.11259624999991,1
1686,201.67859624999997,1
1687,57.47959624999988,0
1688,-103.60640375000003,0
1689,85.78559624999991,0
1690,-171.52440375000006,0
1691,85.8105962499999,1
1692,-261.6994037500001,0
1693,91.42459624999994,1
1694,-266.6634037500001,0
1695,-205.01340375000007,0
1696,128.69559624999988,1
1697,67.28259624999988,1
1698,60.412596249999986,0
1699,35.24659624999993,0
1700,110.85659624999995,1
1701,115.88859624999999,1
1702,32.8775962499999,0
1703,73.51959624999996,1
1704,104.75859624999988,1
1705,129.99459625,0
1706,120.63459624999997,1
1707,85.93059624999991,0
1708,174.50459624999996,1
1709,109.92459624999992,1
1710,0.4615962499999569,0
1711,-257.5854037500001,0
1712,-68.49640375000014,0
1713,-228.4604037500001,0
1714,-266.6694037500001,0
1715,-151.64640375000013,0
1716,128.69559624999988,1
1717,-157.33640375000007,0
1718,107.07159624999998,1
1719,-135.36140375000005,0
1720,-217.8404037500001,0
1721,-233.8294037500001,0
1722,173.22159624999998,1
1723,-206.2344037500001,0
1724,35.27459624999995,0
1725,109.43759624999997,1
1726,-170.90540375000015,0
1727,-74.23540375000005,0
1728,-162.11540375000004,0
1729,92.18159624999988,1
1730,-235.21340375000005,0
1731,81.3245962499999,1
1732,-228.5304037500001,0
1733,4.1755962499998995,0
1734,45.64759624999988,0
1735,85.89259624999988,0
1736,130.81359624999996,1
1737,120.72259624999994,1
1738,73.51959624999996,1
1739,-231.89140375000005,0
1740,-149.74640375000013,0
1741,81.32359624999994,1
1742,-174.62040375000007,0
1743,-319.68840375000013,0
1744,109.92359624999996,1
1745,-406.72040375000006,0
1746,-157.81840375000013,0
1747,-194.3584037500001,0
1748,-74.14140375000011,0
1749,-248.50840375000007,0
1750,109.92559624999991,1
1751,128.30759625,1
1752,-321.77740375000013,0
1753,-248.69040375000014,0
1754,-220.6794037500001,0
1755,-194.3514037500001,0
1756,-231.85140375000012,0
1757,121.87859624999989,1
1758,57.43459624999992,0
1759,-248.62940375000005,0
1760,177.96659624999995,1
1761,-341.51440375000016,0
1762,161.89659624999993,1
1763,100.03259624999988,1
1764,68.09759624999994,1
1765,67.2815962499999,1
1766,109.43659625,1
1767,96.07959624999991,1
1768,92.18159624999988,1
1769,-157.31340375000002,0
1770,124.05159624999989,1
1771,83.81459624999992,1
1772,-87.79040375000011,1
1773,60.651596249999905,0
1774,130.57159625,1
1775,-171.56440375000014,0
1776,-319.73340375000015,0
1777,4.082596249999939,0
1778,-266.57340375000007,0
1779,161.89659624999993,1
1780,-168.4164037500001,0
1781,-157.3304037500001,0
1782,-155.88140375000015,0
1783,120.63359624999987,1
1784,48.99459624999997,1
1785,-151.6434037500001,0
1786,-49.79740375000006,0
1787,-278.9534037500001,0
1788,101.19359624999994,1
1789,68.09759624999994,1
1790,144.51859624999997,1
1791,129.76459624999998,1
1792,-168.32440375000013,0
1793,120.99259624999992,1
1794,-108.83440375000012,0
1795,129.76459624999998,1
1796,-406.7614037500001,0
1797,130.57159625,1
1798,-157.3244037500001,0
1799,-236.8044037500001,0
1800,-260.76440375000016,0
1801,109.43759624999997,1
1802,136.7965962499999,1
1803,53.54359624999996,1
1804,76.9115962499999,1
1805,120.63359624999987,1
1806,85.81159625,1
1807,121.87859624999989,1
1808,96.07859624999992,1
1809,-277.07340375000007,0
1810,-151.71040375000007,0
1811,81.32359624999994,1
1812,127.01659624999992,1
1813,121.87759624999993,1
1814,48.99459624999997,1
1815,577.6585962500001,0
1816,-210.41140375000012,0
1817,100.03359624999997,1
1818,-194.3564037500001,0
1819,-261.6704037500001,0
1820,106.9445962499999,1
1821,-248.6004037500001,0
1822,-278.95540375000013,0
1823,301.80359624999994,0
1824,150.85459624999987,0
1825,127.01559624999994,1
1826,121.87859624999989,1
1827,-274.01340375000007,0
1828,426.22859624999995,0
1829,100.68059624999991,1
1830,-103.14940375000003,0
1831,-103.7864037500001,0
1832,143.1565962499999,1
1833,145.19959624999993,0
1834,130.81259624999998,1
1835,136.7965962499999,1
1836,140.60159624999997,1
1837,73.5215962499999,1
1838,120.63459624999997,1
1839,48.9935962499999,1
1840,115.88959624999997,1
1841,129.76559624999996,1
1842,-98.90040375000014,0
1843,109.92659624999989,1
1844,101.19359624999994,1
1845,150.81859624999993,0
1846,52.1565962499999,0
1847,127.7865962499999,1
1848,-228.46940375000008,0
1849,-49.7624037500001,0
1850,-68.49340375000008,0
1851,161.89559624999995,1
1852,108.91959624999993,1
1853,577.68859625,0
1854,109.92359624999996,1
1855,-319.6894037500001,0
1856,68.09759624999994,1
1857,140.60159624999997,1
1858,53.54359624999996,1
1859,83.90759624999988,1
1860,104.56159624999998,1
1861,-122.46640375000005,0
1862,-206.28140375000012,0
1863,174.64759624999988,1
1864,157.24559624999995,1
1865,129.76459624999998,1
1866,-174.69340375000013,0
1867,72.1945962499999,1
1868,116.67759624999998,1
1869,-109.65340375000007,0
1870,238.2045962499999,0
1871,426.22859624999995,0
1872,130.57159625,1
1873,-173.15440375000003,0
1874,79.21059624999988,1
1875,129.76459624999998,1
1876,84.82259624999996,1
1877,-210.4504037500001,0
1878,158.57859624999995,1
1879,121.87859624999989,1
1880,-103.72240375000013,0
1881,889.2585962499999,0
1882,-194.2844037500001,0
1883,79.85659624999994,1
1884,-93.7574037500001,0
1885,-74.23840375000009,0
1886,127.40159624999991,1
1887,-29.347403750000133,0
1888,-93.80740375000005,0
1889,120.9935962499999,1
1890,-107.08540375000008,0
1891,-213.32540375000008,0
1892,109.43759624999997,1
1893,-204.98640375000008,0
1894,-248.41140375000015,0
1895,-173.15540375000012,0
1896,85.92159624999988,0
1897,-171.57740375000006,0
1898,91.4255962499999,1
1899,-151.70840375000014,0
1900,72.1955962499999,1
1901,-406.76540375000013,0
1902,-115.64140375000012,0
1903,-80.31740375000004,0
1904,79.21059624999988,1
1905,174.50559624999994,1
1906,-130.0454037500001,0
1907,127.01459624999997,1
1908,143.1565962499999,1
1909,81.3245962499999,1
1910,120.9935962499999,1
1911,127.7865962499999,1
1912,152.06859624999993,1
1913,101.19259624999997,1
1914,109.92659624999989,1
1915,-228.46440375000014,0
1916,99.88059624999995,1
1917,-78.0174037500001,1
1918,218.88159624999994,1
1919,77.07559624999989,1
1920,-98.84240375000014,0
1921,35.38459624999996,0
1922,-103.49140375000015,0
1923,-235.2434037500001,0
1924,109.92459624999992,1
1925,116.67859624999994,1
1926,-190.53540375000009,0
1927,-210.4414037500001,0
1928,-74.11640375000013,0
1929,301.80559624999995,0
1930,-25.05340375000003,0
1931,-122.51640375000012,0
1932,43.66759624999998,1
1933,-171.5314037500001,0
1934,104.56359624999995,1
1935,201.67959624999992,1
1936,96.07959624999991,1
1937,104.56159624999998,1
1938,-106.76540375000013,0
1939,-40.56040375000009,1
1940,-83.20140375000007,0
1941,99.88059624999995,1
1942,-257.5694037500001,0
1943,56.23559624999997,0
1944,-172.17640375000008,0
1945,35.37359624999988,0
1946,-248.5064037500001,0
1947,0.45959624999989057,0
1948,-65.78940375000013,0
1949,124.05059624999991,1
1950,-236.81340375000008,0
1951,201.67759625,1
1952,108.10159624999996,1
1953,81.3245962499999,1
1954,-91.02340375000007,1
1955,144.5175962499999,1
1956,-279.00940375000016,0
1957,-49.75540375000003,0
1958,-199.08140375000008,0
1959,-171.53740375000007,0
1960,-236.84140375000013,0
1961,79.85659624999994,1
1962,-21.56740375000004,1
1963,-146.78840375000007,0
1964,127.40259624999989,1
1965,-171.55140375000008,0
1966,128.6945962499999,1
1967,84.82159624999997,1
1968,-237.6884037500001,0
1969,120.9935962499999,1
1970,89.11259624999991,1
1971,127.01559624999994,1
1972,-106.94340375000014,0
1973,83.9065962499999,1
1974,56.24759624999991,0
1975,127.01559624999994,1
1976,85.96059624999988,0
1977,72.1945962499999,1
1978,240.97459624999993,0
1979,-240.65040375000007,0
1980,86.18559624999989,1
1981,157.24559624999995,1
1982,-190.43740375000016,0
1983,53.542596249999974,1
1984,-199.11740375000008,0
1985,144.5175962499999,1
1986,100.67959624999995,1
1987,-109.14140375000012,0
1988,-25.02240375000008,0
1989,-109.19340375000014,0
1990,-108.84240375000014,0
1991,-233.8074037500001,0
1992,-230.0784037500001,0
1993,53.542596249999974,1
1994,99.88059624999995,1
1995,-103.82040375000008,0
1996,-319.68840375000013,0
1997,-238.6474037500001,0
1998,120.63359624999987,1
1999,-260.87340375000014,0
2000,91.4255962499999,1
2001,109.0845962499999,1
2002,128.06159625,1
2003,121.87859624999989,1
2004,-206.33640375000013,0
2005,56.34959624999989,0
2006,67.28259624999988,1
2007,45.558596249999944,0
2008,-261.65740375000007,0
2009,-235.22540375000008,0
2010,-261.6744037500001,0
2011,-230.0324037500001,0
2012,-184.86740375000008,0
2013,96.07859624999992,1
2014,-74.18940375000011,0
2015,-261.7014037500001,0
2016,83.90759624999988,1
2017,130.5705962499999,1
2018,86.99159624999994,1
2019,-205.0494037500001,0
2020,109.5085962499999,1
2021,95.98259624999993,1
2022,-341.5524037500001,0
2023,-274.06640375000006,0
2024,130.57259624999998,1
2025,32.873596249999885,0
2026,-158.80240375000005,0
2027,129.76459624999998,1
2028,174.50559624999994,1
2029,177.96759624999996,1
2030,53.54359624999996,1
2031,173.22259624999995,1
2032,81.3245962499999,1
2033,53.82259624999995,1
2034,889.24859625,0
2035,107.07159624999998,1
2036,88.47959624999987,1
2037,100.67959624999995,1
2038,180.57759624999997,1
2039,-68.49540375000004,0
2040,67.28259624999988,1
2041,-341.5054037500001,0
2042,201.67759625,1
2043,-68.57540375000009,0
2044,128.69559624999988,1
2045,121.87859624999989,1
2046,121.87859624999989,1
2047,-109.7674037500001,0
2048,240.97259624999995,0
2049,128.6945962499999,1
2050,-157.25540375000006,0
2051,68.09659624999995,1
2052,-64.20440375000011,0
2053,-228.49740375000013,0
2054,121.87959624999998,1
2055,121.87759624999993,1
2056,88.47959624999987,1
2057,145.25159624999995,0
2058,-248.60640375000014,0
2059,-171.6034037500001,0
2060,-109.11440375000008,0
2061,-135.33740375000002,0
2062,104.75859624999988,1
2063,56.350596249999974,0
2064,143.15559624999995,1
2065,48.99459624999997,1
2066,73.86259624999992,1
2067,-213.27340375000006,0
2068,-217.9124037500001,0
2069,-277.0504037500001,0
2070,-233.86240375000008,0
2071,-157.29540375000013,0
2072,-170.93840375000005,0
2073,152.06759624999998,1
2074,130.0085962499999,0
2075,129.76559624999996,1
2076,108.10059624999998,1
2077,-29.304403750000123,0
2078,-74.23040375000005,0
2079,-260.8404037500001,0
2080,173.22259624999995,1
2081,-65.95340375000012,0
2082,-237.6674037500001,0
2083,128.69559624999988,1
2084,-162.12340375000008,0
2085,0.5785962499999187,0
2086,32.82259624999995,0
2087,129.76459624999998,1
2088,108.10059624999998,1
2089,89.11159624999995,1
2090,81.3245962499999,1
2091,-162.15640375000012,0
2092,92.18159624999988,1
2093,53.542596249999974,1
2094,83.90859624999997,1
2095,76.9115962499999,1
2096,-195.40940375000008,0
2097,52.178596249999956,0
2098,120.9935962499999,1
2099,109.0845962499999,1
2100,117.19759624999996,1
2101,301.88059624999994,0
2102,-49.81140375000007,0
2103,-213.3324037500001,0
2104,-115.54940375000014,0
2105,-233.77840375000008,0
2106,-80.3824037500001,0
2107,117.19659624999998,1
2108,85.80959624999993,1
2109,57.44959624999991,0
2110,43.66759624999998,1
2111,53.54359624999996,1
2112,-106.77340375000007,0
2113,-103.16940375000014,0
2114,-103.70740375000004,0
2115,-71.51940375000005,1
2116,127.40259624999989,1
2117,-106.86140375000004,0
2118,-47.259403750000054,1
2119,180.57759624999997,1
2120,-83.19940375000012,0
2121,-25.045403750000105,0
2122,127.40059624999995,1
2123,89.11159624999995,1
2124,-26.381403750000118,1
2125,124.05159624999989,1
2126,-56.269403750000045,1
2127,-73.7914037500001,1
2128,-237.77640375000016,0
2129,-341.52640375000016,0
2130,-103.14040375000015,0
2131,130.5705962499999,1
2132,161.89559624999995,1
2133,-184.7934037500001,0
2134,108.91959624999993,1
2135,-237.81340375000008,0
2136,-230.01640375000008,0
2137,109.43759624999997,1
2138,73.86359624999989,1
2139,127.7865962499999,1
2140,174.64659624999993,1
2141,115.88859624999999,1
2142,-240.60140375000015,0
2143,84.82259624999996,1
2144,463.68859625,0
2145,-190.4674037500001,0
2146,108.91959624999993,1
2147,-156.02540375000012,0
2148,109.92659624999989,1
2149,-248.5054037500001,0
2150,45.63159624999992,0
2151,174.64759624999988,1
2152,-157.28140375000012,0
2153,-106.91740375000008,0
2154,-158.72740375000012,0
2155,101.19459624999992,1
2156,108.91859624999995,1
2157,112.19659625,1
2158,86.18559624999989,1
2159,116.67659624999989,1
2160,81.32359624999994,1
2161,144.5175962499999,1
2162,-228.49240375000008,0
2163,127.01559624999994,1
2164,-228.50240375000016,0
2165,106.9445962499999,1
2166,-29.35740375000012,0
2167,-74.13340375000007,0
2168,79.20959624999989,1
2169,-317.6714037500001,0
2170,-156.54340375000007,0
2171,-115.5504037500001,0
2172,-80.19040375000009,0
2173,-29.40240375000008,0
2174,-240.61740375000008,0
2175,83.90759624999988,1
2176,120.99259624999992,1
2177,95.98359624999989,1
2178,-103.48740375000014,0
2179,86.73059624999996,1
2180,-106.81440375000012,0
2181,-406.7544037500001,0
2182,-220.5924037500001,0
2183,-85.67740375000007,1
2184,140.60159624999997,1
2185,109.0845962499999,1
2186,140.60159624999997,1
2187,77.07559624999989,1
2188,577.8885962500001,0
2189,130.57159625,1
2190,128.06159625,1
2191,-319.68740375000016,0
2192,577.6685962500001,0
2193,-25.056403750000076,0
2194,52.23159624999994,0
2195,109.92759624999998,1
2196,129.76459624999998,1
2197,77.07559624999989,1
2198,92.1805962499999,1
2199,-74.15840375000006,0
2200,-99.02640375000013,0
2201,140.71859624999993,1
2202,-233.76140375000008,0
2203,-106.9354037500001,0
2204,-56.485403750000046,1
2205,-257.56740375000015,0
2206,-146.78840375000007,0
2207,35.256596249999916,0
2208,60.6035962499999,0
2209,889.24859625,0
2210,152.06759624999998,1
2211,110.85759624999992,1
2212,-210.4704037500001,0
2213,85.84159624999997,0
2214,109.5075962499999,1
2215,81.3245962499999,1
2216,-103.79440375000014,0
2217,-122.61040375000005,0
2218,77.07559624999989,1
2219,-74.2954037500001,0
2220,-274.0354037500001,0
2221,-190.4944037500001,0
2222,130.09559625,0
2223,-228.4454037500001,0
2224,127.40159624999991,1
2225,-162.10940375000007,0
2226,301.91559624999996,0
2227,-170.99440375000006,0
2228,52.224596249999884,0
2229,143.1565962499999,1
2230,-236.85540375000008,0
2231,128.06159625,1
2232,-68.5744037500001,0
2233,120.6325962499999,1
2234,-106.77740375000009,0
2235,-73.7914037500001,1
2236,-230.0814037500001,0
2237,143.46359624999994,1
2238,889.24859625,0
2239,109.5085962499999,1
2240,-83.18840375000005,0
2241,157.24559624999995,1
2242,130.0165962499999,0
2243,73.51959624999996,1
2244,-173.21240375000005,0
2245,-85.30240375000007,1
2246,124.05159624999989,1
2247,117.19759624999996,1
2248,68.09659624999995,1
2249,129.76559624999996,1
2250,143.15459624999994,1
2251,-98.97840375000011,0
2252,92.1805962499999,1
2253,174.50559624999994,1
2254,-406.7804037500001,0
2255,127.7865962499999,1
2256,463.8485962500001,0
2257,89.11159624999995,1
2258,-274.0074037500001,0
2259,-157.26040375000005,0
2260,86.99159624999994,1
2261,120.72259624999994,1
2262,128.06259624999998,1
2263,201.67759625,1
2264,-103.77240375000008,0
2265,-184.8764037500001,0
2266,-406.76340375000007,0
2267,109.43659625,1
2268,79.85659624999994,1
2269,73.86259624999992,1
2270,-194.33740375000008,0
2271,-199.0374037500001,0
2272,-68.90940375000004,1
2273,-199.0234037500001,0
2274,143.46359624999994,1
2275,174.64759624999988,1
2276,-406.7244037500001,0
2277,109.92759624999998,1
2278,238.23459624999992,0
2279,-266.6244037500001,0
2280,-117.3974037500001,0
2281,-317.6324037500001,0
2282,79.21159624999994,1
2283,121.03559624999991,1
2284,61.59459624999989,1
2285,173.22159624999998,1
2286,161.89559624999995,1
2287,0.565596249999885,0
2288,-168.2904037500001,0
2289,57.35759624999992,0
2290,-78.0174037500001,1
2291,-278.99340375000014,0
2292,-115.6134037500001,0
2293,155.07759624999997,1
2294,-236.8184037500001,0
2295,-60.0844037500001,1
2296,-156.61640375000016,0
2297,-107.20740375000003,0
2298,83.90859624999997,1
2299,57.48759624999991,0
2300,-93.78040375000013,0
2301,-206.37340375000014,0
2302,161.89559624999995,1
2303,-74.19940375000012,0
2304,86.18559624999989,1
2305,889.26859625,0
2306,99.88059624999995,1
2307,117.19759624999996,1
2308,127.01559624999994,1
2309,-172.13140375000012,0
2310,109.5075962499999,1
2311,218.88059624999997,1
2312,130.81259624999998,1
2313,85.90259624999987,0
2314,104.56159624999998,1
2315,-68.61140375000004,0
2316,101.19359624999994,1
2317,150.94459624999993,0
2318,-109.68340375000004,0
2319,32.86459624999998,0
2320,85.94059624999989,0
2321,-68.49640375000014,0
2322,-230.0444037500001,0
2323,-220.62340375000008,0
2324,109.0845962499999,1
2325,-84.69340375000013,1
2326,88.47959624999987,1
2327,-115.54740375000007,0
2328,60.627596249999904,0
2329,81.3245962499999,1
2330,-233.8564037500001,0
2331,-158.80540375000012,0
2332,100.03359624999997,1
2333,-65.75540375000003,0
2334,100.03259624999988,1
2335,76.9115962499999,1
2336,-25.03640375000009,0
2337,-74.25940375000006,0
2338,-56.485403750000046,1
2339,-195.4464037500001,0
2340,-146.78940375000016,0
2341,-235.27440375000012,0
2342,-29.372403750000103,0
2343,104.56259624999997,1
2344,104.56359624999995,1
2345,-171.6034037500001,0
2346,128.30759625,1
2347,161.89459624999995,1
2348,96.07859624999992,1
2349,-107.19940375000012,0
2350,-266.6364037500001,0
2351,-156.54340375000007,0
2352,112.19759624999996,1
2353,-206.2684037500001,0
2354,158.57859624999995,1
2355,-194.28340375000013,0
2356,-103.50040375000006,0
2357,-172.73840375000012,0
2358,86.18559624999989,1
2359,240.97159624999998,0
2360,-274.0204037500001,0
2361,83.90859624999997,1
2362,144.51859624999997,1
2363,-106.94740375000003,0
2364,101.19359624999994,1
2365,-146.80440375000015,0
2366,73.52259624999988,1
2367,104.75859624999988,1
2368,-162.07640375000008,0
2369,104.75859624999988,1
2370,-156.61640375000016,0
2371,101.19359624999994,1
2372,-174.69440375000013,0
2373,-146.84640375000004,0
2374,120.63359624999987,1
2375,32.86859624999988,0
2376,-257.57040375000014,0
2377,85.8105962499999,1
2378,-319.7524037500001,0
2379,-106.78540375000011,0
2380,128.06159625,1
2381,129.76459624999998,1
2382,61.59459624999989,1
2383,301.90859624999996,0
2384,106.9445962499999,1
2385,109.92759624999998,1
2386,76.91259624999999,1
2387,-149.76440375000007,0
2388,301.91459624999993,0
2389,240.97759624999995,0
2390,128.69559624999988,1
2391,104.56359624999995,1
2392,91.42359624999996,1
2393,109.5085962499999,1
2394,53.542596249999974,1
2395,-248.4094037500001,0
2396,174.64759624999988,1
2397,-93.77540375000012,0
2398,-49.72740375000012,0
2399,-109.10440375000009,0
2400,-64.1704037500001,0
2401,127.01559624999994,1
2402,-195.3924037500001,0
2403,-58.04340375000005,1
2404,-130.03940375000016,0
2405,89.11159624999995,1
2406,140.60259624999995,1
2407,121.87759624999993,1
2408,-146.78940375000016,0
2409,120.72159624999998,1
2410,83.90759624999988,1
2411,72.1955962499999,1
2412,-190.5444037500001,0
2413,157.24659624999995,1
2414,463.82859625000003,0
2415,128.06159625,1
2416,129.76459624999998,1
2417,463.68859625,0
2418,117.19759624999996,1
2419,161.89559624999995,1
2420,-172.81940375000013,0
2421,57.46459624999989,0
2422,-80.21340375000011,0
2423,158.57859624999995,1
2424,116.67759624999998,1
2425,109.5075962499999,1
2426,-18.451403750000058,1
2427,-173.15340375000008,0
2428,109.0845962499999,1
2429,86.18559624999989,1
2430,-235.23040375000008,0
2431,109.92359624999996,1
2432,91.42459624999994,1
2433,79.21059624999988,1
2434,-64.14440375000005,0
2435,-195.4974037500001,0
2436,109.43659625,1
2437,140.7195962499999,1
2438,-171.56640375000006,0
2439,109.5085962499999,1
2440,-49.76840375000006,0
2441,174.50559624999994,1
2442,-229.91340375000013,0
2443,81.3245962499999,1
2444,103.66759624999999,1
2445,-236.85040375000008,0
2446,48.99459624999997,1
2447,100.6755962499999,1
2448,-64.15740375000007,0
2449,-149.7584037500001,0
2450,-277.14740375000014,0
2451,35.23759624999991,0
2452,-217.84340375000008,0
2453,-117.45240375000006,0
2454,0.5675962499999515,0
2455,109.5085962499999,1
2456,127.01459624999997,1
2457,121.03559624999991,1
2458,61.593596249999905,1
2459,-277.10140375000015,0
2460,-248.60840375000015,0
2461,-168.29540375000013,0
2462,-240.64940375000012,0
2463,-74.19440375000012,0
2464,129.76459624999998,1
2465,-49.932403750000056,1
2466,-206.2554037500001,0
2467,-317.66640375000014,0
2468,218.87959625,1
2469,-158.81540375000012,0
2470,73.52259624999988,1
2471,174.50559624999994,1
2472,-248.55040375000013,0
2473,-68.49740375000012,0
2474,107.07159624999998,1
2475,-64.1514037500001,0
2476,61.593596249999905,1
2477,108.91959624999993,1
2478,129.97259624999995,0
2479,-210.45640375000005,0
2480,-231.8544037500001,0
2481,100.67759624999998,1
2482,-108.81740375000004,0
2483,-406.7694037500002,0
2484,100.03259624999988,1
2485,109.92459624999992,1
2486,-168.32540375000008,0
2487,-170.8624037500001,0
2488,-86.61140375000004,1
2489,109.92659624999989,1
2490,-321.80140375000013,0
2491,108.91959624999993,1
2492,108.09959624999989,1
2493,-98.83540375000008,0
2494,99.88059624999995,1
2495,240.97059625,0
2496,61.593596249999905,1
2497,81.3245962499999,1
2498,-229.91640375000011,0
2499,-103.82840375000013,0
2500,140.59959624999988,1
2501,161.89659624999993,1
2502,-115.54840375000003,0
2503,-155.97740375000015,0
2504,-68.51640375000012,0
2505,72.1945962499999,1
2506,56.24759624999991,0
2507,68.09759624999994,1
2508,-236.89340375000012,0
2509,109.92459624999992,1
2510,-74.24040375000006,0
2511,889.26859625,0
2512,-156.6174037500001,0
2513,-103.8684037500001,0
2514,116.67859624999994,1
2515,53.82259624999995,1
2516,92.18159624999988,1
2517,-199.05040375000013,0
2518,106.9445962499999,1
2519,112.19759624999996,1
2520,53.54359624999996,1
2521,53.82259624999995,1
2522,150.84159624999995,0
2523,238.14359625,0
2524,-172.75940375000008,0
2525,-47.176403750000084,1
2526,92.18159624999988,1
2527,-109.11240375000011,0
2528,-106.93140375000009,0
2529,218.88159624999994,1
2530,130.57159625,1
2531,86.99059624999997,1
2532,109.5075962499999,1
2533,155.07759624999997,1
2534,-266.59140375000015,0
2535,140.60159624999997,1
2536,-65.76340375000008,0
2537,130.57259624999998,1
2538,128.06159625,1
2539,-29.38440375000005,0
2540,48.99459624999997,1
2541,-115.5704037500001,0
2542,95.98359624999989,1
2543,-158.8014037500001,0
2544,100.67959624999995,1
2545,0.4575962499999378,0
2546,-65.88040375000003,0
2547,-236.8884037500001,0
2548,-195.4174037500001,0
2549,-210.48040375000005,0
2550,53.54359624999996,1
2551,-149.7524037500001,0
2552,-248.4174037500001,0
2553,73.52259624999988,1
2554,201.67859624999997,1
2555,-171.4844037500001,0
2556,43.66759624999998,1
2557,-103.9164037500001,0
2558,109.0845962499999,1
2559,-99.06240375000007,0
2560,99.88059624999995,1
2561,152.06759624999998,1
2562,4.0745962499998996,0
2563,-238.59640375000012,0
2564,-107.1474037500001,0
2565,888.92859625,0
2566,-184.7934037500001,0
2567,128.06159625,1
2568,-257.5694037500001,0
2569,155.07759624999997,1
2570,120.63459624999997,1
2571,89.11159624999995,1
2572,-220.64840375000009,0
2573,-66.08440375000009,1
2574,161.89659624999993,1
2575,109.43759624999997,1
2576,-107.06840375000014,0
2577,99.88059624999995,1
2578,143.46359624999994,1
2579,60.544596249999934,0
2580,173.22059625000003,1
2581,48.99459624999997,1
2582,110.85759624999992,1
2583,112.68459624999993,1
2584,81.32359624999994,1
2585,238.08259624999997,0
2586,426.17859625,0
2587,106.94559624999988,1
2588,-162.00140375000012,0
2589,-158.79840375000006,0
2590,-103.74440375000007,0
2591,-76.32140375000006,1
2592,86.99059624999997,1
2593,99.87959624999996,1
2594,-204.9934037500001,0
2595,107.07259624999996,1
2596,120.99259624999992,1
2597,463.8385962500001,0
2598,889.2585962499999,0
2599,-248.44040375000012,0
2600,-106.79740375000006,0
2601,-115.54940375000014,0
2602,238.01459625,0
2603,-228.5354037500001,0
2604,91.42459624999994,1
2605,-149.83040375000007,0
2606,-93.81340375000003,0
2607,-238.52440375000012,0
2608,-277.0794037500001,0
2609,106.9445962499999,1
2610,99.88059624999995,1
2611,-74.1664037500001,0
2612,-117.3724037500001,0
2613,-257.6184037500001,0
2614,-205.0534037500001,0
2615,-62.44540375000008,1
2616,-156.5944037500001,0
2617,-235.21840375000008,0
2618,86.73159624999995,1
2619,-74.25440375000005,0
2620,-220.61340375000012,0
2621,140.71859624999993,1
2622,-231.9164037500001,0
2623,238.25559624999997,0
2624,103.66659624999991,1
2625,79.21059624999988,1
2626,79.21059624999988,1
2627,73.52059624999994,1
2628,115.88859624999999,1
2629,88.47959624999987,1
2630,-74.12540375000003,0
2631,-130.13940375000007,0
2632,-130.12040375000007,0
2633,112.19659625,1
2634,-172.6774037500001,0
2635,-235.21640375000015,0
2636,-235.24040375000013,0
2637,-199.01740375000008,0
2638,174.50559624999994,1
2639,48.99459624999997,1
2640,0.534596249999936,0
2641,-248.4074037500001,0
2642,127.01659624999992,1
2643,121.03559624999991,1
2644,109.5075962499999,1
2645,86.99059624999997,1
2646,124.05159624999989,1
2647,-321.81140375000007,0
2648,-103.75140375000014,0
2649,-199.08840375000008,0
2650,-149.7874037500001,0
2651,106.9445962499999,1
2652,152.06759624999998,1
2653,145.22759624999995,0
2654,45.64459624999996,0
2655,-341.48740375000006,0
2656,35.22759624999993,0
2657,112.19659625,1
2658,177.96559624999998,1
2659,68.09659624999995,1
2660,157.24559624999995,1
2661,112.68459624999993,1
2662,130.56959624999993,1
2663,-228.47840375000013,0
2664,-217.8494037500001,0
2665,60.47259624999993,0
2666,112.68459624999993,1
2667,-49.80440375000013,0
2668,-155.92540375000013,0
2669,201.67759625,1
2670,-83.1904037500001,0
2671,-213.3884037500001,0
2672,127.01659624999992,1
2673,73.52259624999988,1
2674,108.10059624999998,1
2675,-156.54140375000011,0
2676,150.93159624999987,0
2677,-103.77740375000008,0
2678,-103.83640375000006,0
2679,129.76459624999998,1
2680,128.30759625,1
2681,-98.88440375000006,0
2682,73.86359624999989,1
2683,-229.90440375000009,0
2684,-213.29140375000011,0
2685,463.67859624999994,0
2686,143.46359624999994,1
2687,-236.8324037500001,0
2688,-174.69140375000012,0
2689,201.67959624999992,1
2690,-321.78040375000006,0
2691,73.52059624999994,1
2692,-103.47840375000011,0
2693,103.66559624999991,1
2694,-92.63340375000008,1
2695,-83.19740375000003,0
2696,86.99059624999997,1
2697,-103.9644037500001,0
2698,129.76459624999998,1
2699,86.73259624999993,1
2700,68.09759624999994,1
2701,-174.69240375000007,0
2702,-146.84640375000004,0
2703,52.18659624999999,0
2704,180.57659624999997,1
2705,-170.89740375000008,0
2706,-173.2394037500001,0
2707,-47.1564037500001,1
2708,-122.4734037500001,0
2709,60.15659624999989,0
2710,35.364596249999984,0
2711,-155.91040375000014,0
2712,129.76459624999998,1
2713,-240.6024037500001,0
2714,52.109596249999875,0
2715,130.57159625,1
2716,-173.2134037500001,0
2717,89.11159624999995,1
2718,112.19759624999996,1
2719,-80.24340375000008,0
2720,174.64659624999993,1
2721,-157.71840375000014,0
2722,-195.4614037500001,0
2723,84.82259624999996,1
2724,107.07259624999996,1
2725,-64.24540375000005,0
2726,-83.2674037500001,0
2727,-103.4834037500001,0
2728,-240.6164037500001,0
2729,-49.82440375000011,0
2730,120.9935962499999,1
2731,120.63359624999987,1
2732,108.91959624999993,1
2733,-83.95840375000013,1
2734,121.03559624999991,1
2735,-103.8154037500001,0
2736,-66.69040375000009,1
2737,-50.92740375000005,1
2738,-49.721403750000036,0
2739,-130.05140375000008,0
2740,-151.67040375000013,0
2741,60.55659624999987,0
2742,130.5705962499999,1
2743,426.34859625,0
2744,-260.8144037500001,0
2745,-54.043403750000046,1
2746,-76.1564037500001,1
2747,-103.46340375000013,0
2748,-233.89040375000008,0
2749,-172.1094037500001,0
2750,91.42459624999994,1
2751,140.72059625,1
2752,-184.86640375000013,0
2753,-107.10140375000006,0
2754,-49.82440375000011,1
2755,-206.3074037500001,0
2756,-109.14340375000008,0
2757,-135.34140375000007,0
2758,-71.37240375000012,1
2759,-106.92240375000009,0
2760,-194.35940375000013,0
2761,-317.6844037500001,0
2762,-41.180403750000096,1
2763,86.18559624999989,1
2764,-156.61340375000015,0
2765,100.03359624999997,1
2766,-341.48340375000015,0
2767,130.57159625,1
2768,-122.60640375000004,0
2769,68.09759624999994,1
2770,129.76559624999996,1
2771,-52.89340375000006,1
2772,77.0745962499999,1
2773,161.89459624999995,1
2774,-108.7914037500001,0
2775,-260.88740375000015,0
2776,-190.45640375000008,0
2777,-157.83240375000003,0
2778,117.19759624999996,1
2779,-115.5504037500001,0
2780,-204.99040375000013,0
2781,103.66659624999991,1
2782,73.86359624999989,1
2783,136.79759625,1
2784,112.68459624999993,1
2785,129.99059624999995,0
2786,-107.09340375000012,0
2787,79.21159624999994,1
2788,144.5175962499999,1
2789,-108.88340375000008,0
2790,-171.50240375000016,0
2791,-106.93940375000012,0
2792,83.90759624999988,1
2793,-266.6084037500001,0
2794,161.89659624999993,1
2795,130.57259624999998,1
2796,-74.20740375000004,0
2797,-81.05540375000011,1
2798,-240.6024037500001,0
2799,112.68459624999993,1
2800,128.69559624999988,1
2801,-103.71540375000008,0
2802,99.88059624999995,1
2803,-257.56740375000015,0
2804,-98.94640375000007,0
2805,-172.75140375000012,0
2806,32.84359624999991,0
2807,-50.99340375000009,1
2808,130.81359624999996,1
2809,43.66759624999998,1
2810,109.43659625,1
2811,76.91059624999993,1
2812,-184.86740375000008,0
2813,-230.01440375000013,0
2814,155.07759624999997,1
2815,-277.0614037500001,0
2816,161.89459624999995,1
2817,-235.2214037500001,0
2818,121.87959624999998,1
2819,177.96759624999996,1
2820,-171.49940375000006,0
2821,150.79259624999997,0
2822,53.542596249999974,1
2823,99.88059624999995,1
2824,53.54359624999996,1
2825,-317.6614037500002,0
2826,889.17859625,0
2827,4.0325962499998695,0
2828,101.19359624999994,1
2829,109.92459624999992,1
2830,116.67859624999994,1
2831,84.82259624999996,1
2832,-170.88040375000006,0
2833,-172.6914037500001,0
2834,-83.1954037500001,0
2835,-172.79640375000008,0
2836,45.65759624999988,0
2837,112.68459624999993,1
2838,-199.13040375000008,0
2839,48.99459624999997,1
2840,-80.20740375000003,0
2841,-155.98540375000005,0
2842,-122.52040375000014,0
2843,108.91959624999993,1
2844,112.19759624999996,1
2845,110.85759624999992,1
2846,-248.4144037500001,0
2847,-65.08340375000013,1
2848,-108.85940375000008,0
2849,92.18159624999988,1
2850,143.1565962499999,1
2851,-65.81740375000005,0
2852,52.21659624999996,0
2853,4.1575962499998695,0
2854,-238.56940375000008,0
2855,144.5175962499999,1
2856,127.40159624999991,1
2857,158.57859624999995,1
2858,158.57859624999995,1
2859,-231.83940375000012,0
2860,68.09659624999995,1
2861,-93.72840375000011,0
2862,32.764596249999954,0
2863,-83.21140375000006,1
2864,120.63459624999997,1
2865,109.92559624999991,1
2866,120.63359624999987,1
2867,128.69559624999988,1
2868,-173.21240375000005,0
2869,76.9115962499999,1
2870,-171.64940375000006,0
2871,100.67859624999996,1
2872,-321.7884037500001,0
2873,-190.46140375000013,0
2874,45.64059624999993,0
2875,-35.0604037500001,1
2876,127.01659624999992,1
2877,157.24559624999995,1
2878,180.5755962499999,1
2879,-184.7924037500001,0
2880,100.03259624999988,1
2881,129.76459624999998,1
2882,67.2815962499999,1
2883,301.8835962499999,0
2884,-278.99740375000016,0
2885,-135.37040375000007,0
2886,72.19359624999993,1
2887,-40.76740375000009,1
2888,100.03259624999988,1
2889,77.07559624999989,1
2890,61.59459624999989,1
2891,143.1565962499999,1
2892,152.06759624999998,1
2893,108.91859624999995,1
2894,-257.5854037500001,0
2895,-68.51840375000006,0
2896,-130.08140375000008,0
2897,76.9115962499999,1
2898,-238.60340375000013,0
2899,-106.86340375000009,0
2900,4.183596249999937,0
2901,67.28259624999988,1
2902,-277.04440375000013,0
2903,-274.00940375000016,0
2904,-274.01140375000006,0
2905,-238.5474037500001,0
2906,-206.3294037500001,0
2907,129.76559624999996,1
2908,4.057596249999961,0
2909,108.91859624999995,1
2910,85.8105962499999,1
2911,-103.14340375000008,0
2912,-157.2884037500001,0
2913,100.03259624999988,1
2914,88.47959624999987,1
2915,108.09959624999989,1
2916,-237.73340375000012,0
2917,-170.85340375000013,0
2918,-106.8104037500001,0
2919,52.16459624999994,0
2920,95.98359624999989,1
2921,109.5075962499999,1
2922,92.1805962499999,1
2923,121.03559624999991,1
2924,108.10059624999998,1
2925,145.23259624999994,0
2926,89.11159624999995,1
2927,-83.26940375000004,0
2928,-229.90140375000013,0
2929,106.9445962499999,1
2930,124.05159624999989,1
2931,128.30859624999994,1
2932,-98.96340375000011,0
2933,-109.10740375000013,0
2934,35.26559624999994,0
2935,174.50559624999994,1
2936,124.05159624999989,1
2937,-109.70040375000008,0
2938,109.5085962499999,1
2939,76.9115962499999,1
2940,-213.30340375000011,0
2941,-261.7284037500001,0
2942,108.91959624999993,1
2943,-172.1474037500001,0
2944,161.89559624999995,1
2945,-248.61140375000008,0
2946,-213.2864037500001,0
2947,81.3245962499999,1
2948,-68.49640375000014,0
2949,32.72459624999988,0
2950,124.05159624999989,1
2951,127.7865962499999,1
2952,84.82159624999997,1
2953,136.79859624999995,1
2954,-49.79040375000012,0
2955,-74.15040375000014,0
2956,110.85759624999992,1
2957,100.67659624999989,1
2958,57.36559624999996,0
2959,108.91859624999995,1
2960,-117.40540375000012,0
2961,52.20859624999992,0
2962,92.18159624999988,1
2963,-172.73040375000008,0
2964,-229.97340375000013,0
2965,-151.64540375000013,0
2966,124.05159624999989,1
2967,-117.49540375000005,0
2968,100.67659624999989,1
2969,-157.3194037500001,0
2970,-238.5544037500001,0
2971,177.96759624999996,1
2972,73.86359624999989,1
2973,109.92759624999998,1
2974,109.92659624999989,1
2975,158.57859624999995,1
2976,-184.86740375000008,0
2977,-77.79840375000005,1
2978,95.98459624999987,1
2979,-260.79340375000015,0
2980,100.03259624999988,1
2981,-217.85140375000012,0
2982,889.2585962499999,0
2983,101.19259624999997,1
2984,108.91959624999993,1
2985,-98.86340375000009,0
2986,-149.82440375000013,0
2987,48.99459624999997,1
2988,56.34959624999989,0
2989,85.8105962499999,1
2990,53.82259624999995,1
2991,173.22259624999995,1
2992,-103.82940375000011,0
2993,180.57759624999997,1
2994,85.8105962499999,1
2995,-106.81940375000012,0
2996,-107.13340375000008,0
2997,130.81159624999998,1
2998,130.81259624999998,1
2999,129.76559624999996,1
3000,-230.02340375000009,0
3001,86.99059624999997,1
3002,100.67759624999998,1
3003,-108.93140375000007,0
3004,73.52259624999988,1
3005,101.19359624999994,1
3006,-230.10540375000008,0
3007,-29.419403750000132,0
3008,143.46359624999994,1
3009,-248.66540375000008,0
3010,-103.87740375000011,0
3011,-77.48640375000004,1
3012,-135.37940375000008,0
3013,112.6855962499999,1
3014,109.92659624999989,1
3015,53.821596249999985,1
3016,128.06259624999998,1
3017,-230.0304037500001,0
3018,161.89559624999995,1
3019,-29.437403750000044,0
3020,155.07859624999995,1
3021,-279.00640375000006,0
3022,100.67859624999996,1
3023,-135.40540375000012,0
3024,-174.6724037500001,0
3025,106.9445962499999,1
3026,116.67759624999998,1
3027,100.03259624999988,1
3028,-261.6514037500001,0
3029,99.87959624999996,1
3030,48.99459624999997,1
3031,-184.86740375000008,0
3032,-240.61740375000008,0
3033,100.68059624999991,1
3034,130.5705962499999,1
3035,127.01459624999997,1
3036,-199.0304037500001,0
3037,120.63359624999987,1
3038,130.09859624999993,0
3039,158.57859624999995,1
3040,161.89659624999993,1
3041,161.89659624999993,1
3042,-406.75940375000016,0
3043,43.66759624999998,1
3044,-157.73340375000012,0
3045,-64.19740375000005,0
3046,67.28259624999988,1
3047,130.81259624999998,1
3048,145.25659624999992,0
3049,177.96659624999995,1
3050,32.76859624999998,0
3051,112.68459624999993,1
3052,-65.72740375000012,0
3053,426.17859625,0
3054,77.07559624999989,1
3055,-238.6554037500001,0
3056,43.66759624999998,1
3057,121.87859624999989,1
3058,218.88059624999997,1
3059,158.5795962499999,1
3060,43.666596249999884,1
3061,100.68059624999991,1
3062,48.99459624999997,1
3063,130.08959624999991,0
3064,96.07859624999992,1
3065,109.92359624999996,1
3066,-171.49640375000018,0
3067,-99.02240375000008,0
3068,72.1955962499999,1
3069,136.7965962499999,1
3070,104.56259624999997,1
3071,-40.801403750000084,1
3072,109.92559624999991,1
3073,218.88059624999997,1
3074,-66.08440375000009,1
3075,45.5555962499999,0
3076,-106.78140375000011,0
3077,129.76559624999996,1
3078,92.18159624999988,1
3079,-168.29440375000016,0
3080,109.5085962499999,1
3081,-321.8644037500001,0
3082,108.91959624999993,1
3083,-157.80540375000012,0
3084,-98.96040375000008,0
3085,-341.5014037500001,0
3086,-98.98740375000013,0
3087,-157.79840375000006,0
3088,-277.1354037500001,0
3089,158.5795962499999,1
3090,35.21859624999991,0
3091,117.19759624999996,1
3092,-99.03040375000012,0
3093,-103.20640375000005,0
3094,85.92659624999989,0
3095,173.22059625000003,1
3096,91.4255962499999,1
3097,120.72259624999994,1
3098,121.87859624999989,1
3099,127.01659624999992,1
3100,-173.16940375000013,0
3101,95.98359624999989,1
3102,-74.17540375000011,0
3103,-109.75540375000004,0
3104,-194.3694037500001,0
3105,-98.95340375000012,0
3106,140.71859624999993,1
3107,140.60059624999997,1
3108,108.91959624999993,1
3109,129.76459624999998,1
3110,84.82159624999997,1
3111,-93.80240375000007,0
3112,-122.60340375000011,0
3113,127.01559624999994,1
3114,112.19659625,1
3115,-29.286403750000094,0
3116,-20.98040375000005,1
3117,124.05159624999989,1
3118,177.96759624999996,1
3119,127.78559624999991,1
3120,-135.25540375000003,0
3121,-25.098403750000106,0
3122,-68.49440375000007,0
3123,-210.4264037500001,0
3124,86.73059624999996,1
3125,-109.11640375000013,0
3126,-172.11640375000016,0
3127,-261.65440375000014,0
3128,-103.72940375000007,0
3129,-155.8734037500001,0
3130,-406.71940375000014,0
3131,-158.78140375000015,0
3132,85.81159625,1
3133,155.07859624999995,1
3134,-155.94540375000008,0
3135,-174.6894037500001,0
3136,68.09759624999994,1
3137,-98.96740375000014,0
3138,99.88059624999995,1
3139,96.07959624999991,1
3140,106.9445962499999,1
3141,-233.85140375000012,0
3142,-406.7724037500001,0
3143,127.01659624999992,1
3144,86.73159624999995,1
3145,73.52059624999994,1
3146,-195.50640375000006,0
3147,79.21059624999988,1
3148,-26.381403750000118,1
3149,-172.22640375000006,0
3150,-228.45040375000013,0
3151,81.3245962499999,1
3152,92.1805962499999,1
3153,128.06159625,1
3154,577.8485962500001,0
3155,-65.89740375000008,0
3156,120.9935962499999,1
3157,426.17859625,0
3158,117.19659624999998,1
3159,130.57159625,1
3160,-195.3764037500001,0
3161,117.19759624999996,1
3162,109.0845962499999,1
3163,100.67659624999989,1
3164,100.67859624999996,1
3165,-103.92540375000013,0
3166,91.42459624999994,1
3167,120.63359624999987,1
3168,88.47959624999987,1
3169,95.98459624999987,1
3170,-107.2434037500001,0
3171,-84.69340375000013,1
3172,127.7865962499999,1
3173,106.9445962499999,1
3174,35.287596249999986,0
3175,88.47859624999991,1
3176,4.066596249999975,0
3177,-235.24540375000012,0
3178,-162.02940375000006,0
3179,-58.04340375000005,1
3180,109.92759624999998,1
3181,48.99459624999997,1
3182,72.1945962499999,1
3183,76.91059624999993,1
3184,68.09659624999995,1
3185,4.118596249999883,0
3186,130.81359624999996,1
3187,301.80559624999995,0
3188,109.5085962499999,1
3189,57.457596249999945,0
3190,103.66759624999999,1
3191,-206.34340375000008,0
3192,157.24659624999995,1
3193,-233.76740375000008,0
3194,-319.7044037500001,0
3195,35.31359624999993,0
3196,-317.67940375000006,0
3197,301.91259625000004,0
3198,95.98359624999989,1
3199,-122.46240375000004,0
