Mean Block Receive Time_x,Mean Block Size_y,Total average traffic/node,Label
504.936,457856,863.18,0
818.109,511759,949.606,1
586.015,436013,822.224,0
476.534,565725,1065.44,0
459.891,500534,943.202,0
479.385,525864,990.696,0
521.422,409274,772.09,0
623.993,567459,1068.69,0
457.916,569380,1072.29,0
580.691,591857,1114.43,0
789.834,520249,966.249,1
348.27,610693,1149.75,0
796.873,532384,989.667,1
457.959,569380,1072.29,0
927.996,622630,1172.13,0
521.509,409274,772.09,0
817.204,532586,989.706,1
596.004,455996,859.692,0
818.11,511759,949.606,1
527.786,635086,1195.49,0
743.625,506861,943.505,1
527.779,635086,1195.49,0
796.873,532384,989.667,1
743.624,506861,943.505,1
819.567,537262,997.652,1
585.979,436013,822.224,0
806.999,522566,968.333,1
757.898,494480,918.404,1
991.715,628726,1183.56,0
789.834,520249,966.249,1
494.377,358722,677.304,0
820.616,522660,969.755,1
870.379,512707,948.277,1
776.793,523058,968.953,1
609.6,441681,832.852,0
722.649,662333,1246.57,0
582.684,580322,1092.81,0
773.709,515358,958.496,1
810.435,508738,943.456,1
790.48,503872,935.035,1
817.204,532586,989.706,1
542.956,457373,862.276,0
594.703,494480,918.404,1
432.233,445143,839.343,0
441.359,618543,1164.47,0
830.521,505442,937.788,1
429.03,485281,914.602,0
598.349,531169,989.392,1
742.041,507091,955.497,0
818.497,519520,965.201,1
789.682,527578,982.054,1
743.345,543394,1011.16,1
833.265,529899,984.258,1
781.226,522506,971.288,1
864.307,522868,970.88,1
799.309,537893,1001.38,1
848.38,535320,993.679,1
615.598,516198,972.571,0
816.817,523363,974.214,1
449.2,668752,1258.61,0
540.046,430959,812.749,0
757.899,494480,918.404,1
609.623,441681,832.852,0
763.323,523515,973.376,1
515.106,551064,1037.94,0
410.789,589718,1110.42,0
615.499,516198,972.571,0
811.68,536198,994.148,1
848.38,535320,993.679,1
810.435,508738,943.456,1
495.519,464850,876.294,0
799.309,537893,1001.38,1
452.978,565624,1065.25,0
370.097,610082,1148.6,0
499.369,430958,812.747,0
834.319,505029,938.876,1
775.987,506590,941.402,1
771.126,532354,989.21,1
428.162,598481,1126.85,0
586.231,575478,1083.72,0
625.611,738969,1390.27,0
554.435,413433,851.205,0
841.869,534217,990.133,1
639.984,600173,1130.02,0
746.085,414006,780.962,0
664.738,513011,966.596,0
763.322,523515,973.376,1
693.814,366198,691.321,0
479.292,525864,990.696,0
572.421,646172,1216.27,0
813.853,484144,897.906,1
590.859,509506,960.024,0
540.04,430959,812.749,0
484.801,360376,680.406,0
452.086,651425,1226.12,0
572.358,646172,1216.27,0
810.837,550899,1022.91,1
806.479,531795,987.871,1
1115.99,329200,621.95,0
775.987,506590,941.402,1
370.112,610082,1148.6,0
799.728,525438,975.891,1
775.633,714262,1343.94,0
798.721,520927,968.594,1
495.447,464850,876.294,0
870.379,512707,948.277,1
798.721,520927,968.594,1
819.814,558228,1051.38,0
774.623,546791,1016.43,1
499.301,430958,812.747,0
833.265,529899,984.258,1
348.266,610693,1149.75,0
799.725,514111,957.06,1
586.285,575478,1083.72,0
781.982,534915,993.499,1
766.714,527666,982.951,1
805.69,510810,946.659,1
615.694,732029,1377.25,0
469.193,598137,1126.21,0
847.048,549057,1017.86,1
671.167,500123,926.811,1
763.663,515166,956.665,1
456.017,628259,1182.69,0
796.873,532384,989.667,1
863.023,525413,972.545,1
832.958,523308,971.445,1
625.67,738969,1390.27,0
538.153,574545,1081.97,0
451.218,644458,1213.06,0
609.478,441681,832.852,0
793.467,518725,962.853,1
432.16,445143,839.343,0
1115.99,329200,621.95,0
518.283,584460,1100.56,0
428.98,485281,914.602,0
609.577,441681,832.852,0
1267.67,585971,1103.4,0
830.52,505442,937.788,1
582.904,430499,811.887,0
797.902,506251,938.41,1
590.862,449659,847.811,0
800.66,541816,1007.24,1
733.469,533647,991.295,1
567.318,468419,882.987,0
751.396,508703,946.802,1
798.721,520927,968.594,1
851.697,519049,962.396,1
629.131,495498,919.284,1
441.385,618543,1164.47,0
572.262,646172,1216.27,0
851.697,519049,962.396,1
805.69,510810,946.659,1
773.71,515358,958.496,1
799.31,537893,1001.38,1
820.373,508556,944.674,1
449.202,668752,1258.61,0
810.434,508738,943.456,1
539.974,430959,812.749,0
517.583,475198,895.697,0
428.141,598481,1126.85,0
790.995,531427,988.902,1
441.354,618543,1164.47,0
785.785,526855,981.3,1
789.682,527578,982.054,1
930.738,603763,1136.76,0
483.56,407391,768.558,0
891.48,500123,926.811,1
504.958,457856,863.18,0
615.512,516198,972.571,0
776.792,523058,968.953,1
645.651,505442,937.788,1
527.765,635086,1195.49,0
533.905,606000,1140.95,0
1267.74,585971,1103.4,0
586.557,395836,746.894,0
743.345,543394,1011.16,1
664.792,513011,966.596,0
634.368,507843,944.735,1
863.022,525413,972.545,1
811.679,536198,994.148,1
690.382,454083,856.106,0
810.435,508738,943.456,1
518.855,658403,1239.21,0
1116.14,329200,621.95,0
811.679,536198,994.148,1
455.985,628259,1182.69,0
515.133,551064,1037.94,0
991.711,628726,1183.56,0
927.955,622630,1172.13,0
834.935,690843,1300.03,0
819.567,537262,997.652,1
763.321,523515,973.376,1
763.323,523515,973.376,1
781.983,534915,993.499,1
750.298,463760,874.251,0
625.677,738969,1390.27,0
554.427,413433,851.205,0
811.68,536198,994.148,1
410.849,589718,1110.42,0
820.371,508556,944.674,1
495.466,464850,876.294,0
810.435,508738,943.456,1
870.379,512707,948.277,1
735.354,482218,908.86,0
590.819,509506,960.024,0
775.613,527758,982.095,1
441.174,554224,1043.87,0
494.362,358722,677.304,0
410.788,589718,1110.42,0
790.479,503872,935.035,1
789.682,527578,982.054,1
619.687,528119,979.916,1
810.436,508738,943.456,1
618.706,503872,935.035,1
773.615,544183,1012.33,1
593.061,515166,956.665,1
775.987,506590,941.402,1
746.054,414006,780.962,0
811.679,536198,994.148,1
844.878,548020,1017.66,1
517.633,475198,895.697,0
798.887,517161,960.232,1
412.627,414190,781.306,0
623.912,567459,1068.69,0
574.234,579203,1090.71,0
818.496,519520,965.201,1
799.238,543642,1008.83,1
585.956,605493,1140,0
799.31,537893,1001.38,1
757.899,494480,918.404,1
469.198,598137,1126.21,0
769.657,520566,964.881,1
750.441,463760,874.251,0
459.894,500534,943.202,0
1115.97,329200,621.95,0
518.184,519715,979.165,0
826.599,535202,994.961,1
490.745,625827,1178.13,0
796.873,532384,989.667,1
527.758,635086,1195.49,0
757.899,494480,918.404,1
743.345,543394,1011.16,1
799.729,525438,975.891,1
637.162,514111,957.06,1
540.058,430959,812.749,0
799.729,525438,975.891,1
283.034,477269,899.581,0
518.286,584460,1100.56,0
452.061,651425,1226.12,0
991.712,628726,1183.56,0
841.87,534217,990.133,1
833.265,529899,984.258,1
775.988,506590,941.402,1
1153.57,495276,933.342,0
790.483,503872,935.035,1
690.373,454083,856.106,0
518.815,658403,1239.21,0
743.624,506861,943.505,1
798.885,517161,960.232,1
778.281,529385,982.101,1
793.468,518725,962.853,1
574.252,579203,1090.71,0
908.682,524168,969.633,1
1116.02,329200,621.95,0
283.079,477269,899.581,0
412.746,414190,781.306,0
428.156,598481,1126.85,0
741.995,507091,955.497,0
725.156,643812,1211.85,0
590.845,509506,960.024,0
518.23,519715,979.165,0
690.21,454083,856.106,0
781.982,534915,993.499,1
590.91,449659,847.811,0
761.996,495943,921.732,1
1578.84,673913,1268.29,0
1267.57,585971,1103.4,0
870.379,512707,948.277,1
811.679,536198,994.148,1
283.052,477269,899.581,0
461.318,389327,734.689,0
810.434,508738,943.456,1
348.305,610693,1149.75,0
781.226,522506,971.288,1
793.468,518725,962.853,1
789.682,527578,982.054,1
830.402,528404,982.408,1
586.064,436013,822.224,0
490.738,625827,1178.13,0
495.444,464850,876.294,0
743.345,543394,1011.16,1
830.403,528404,982.408,1
606.496,389539,735.085,0
790.483,503872,935.035,1
580.682,591857,1114.43,0
532.454,536837,1011.27,0
817.863,545006,1008.24,1
412.734,414190,781.306,0
454.578,471388,888.553,0
817.204,532586,989.706,1
769.012,536471,994.27,1
798.721,520927,968.594,1
840.681,354691,669.747,0
348.283,610693,1149.75,0
818.497,519520,965.201,1
766.714,527666,982.951,1
773.617,544183,1012.33,1
891.48,500123,926.811,1
848.38,535320,993.679,1
774.624,546791,1016.43,1
479.285,525864,990.696,0
799.728,525438,975.891,1
775.699,714262,1343.94,0
622.334,550899,1022.91,1
864.449,528085,981.101,1
539.939,430959,812.749,0
735.411,482218,908.86,0
572.38,646172,1216.27,0
771.125,532354,989.21,1
810.523,535380,995.159,1
769.658,520566,964.881,1
743.624,506861,943.505,1
423.187,392321,740.302,0
452.12,651425,1226.12,0
769.658,520566,964.881,1
771.126,532354,989.21,1
757.899,494480,918.404,1
441.189,554224,1043.87,0
451.11,644458,1213.06,0
580.61,591857,1114.43,0
774.624,546791,1016.43,1
771.126,532354,989.21,1
1153.58,495276,933.342,0
516.627,760126,1429.94,0
799.31,537893,1001.38,1
793.468,518725,962.853,1
751.396,508703,946.802,1
574.251,579203,1090.71,0
518.93,658403,1239.21,0
781.982,534915,993.499,1
518.312,584460,1100.56,0
790.995,531427,988.902,1
515.097,551064,1037.94,0
840.522,354691,669.747,0
798.721,520927,968.594,1
580.68,591857,1114.43,0
479.34,525864,990.696,0
722.653,662333,1246.57,0
743.345,543394,1011.16,1
615.576,516198,972.571,0
515.109,551064,1037.94,0
851.698,519049,962.396,1
776.792,523058,968.953,1
794.364,542916,1008.87,1
790.481,503872,935.035,1
799.729,525438,975.891,1
567.324,468419,882.987,0
820.614,522660,969.755,1
615.555,732029,1377.25,0
412.71,414190,781.306,0
820.615,522660,969.755,1
469.204,598137,1126.21,0
844.878,548020,1017.66,1
844.88,548020,1017.66,1
830.402,528404,982.408,1
806.48,531795,987.871,1
757.899,494480,918.404,1
459.876,500534,943.202,0
799.31,537893,1001.38,1
835.048,690843,1300.03,0
532.559,536837,1011.27,0
521.504,409274,772.09,0
757.084,538811,1001.14,1
799.309,537893,1001.38,1
793.468,518725,962.853,1
733.469,533647,991.295,1
483.54,407391,768.558,0
785.881,521886,969.937,1
1578.83,673913,1268.29,0
790.479,503872,935.035,1
531.005,421923,795.806,0
490.732,625827,1178.13,0
582.936,430499,811.887,0
515.13,551064,1037.94,0
543.013,457373,862.276,0
830.522,505442,937.788,1
432.182,445143,839.343,0
789.681,527578,982.054,1
743.624,506861,943.505,1
848.38,535320,993.679,1
763.323,523515,973.376,1
581.001,789442,1484.9,0
733.468,533647,991.295,1
624.021,567459,1068.69,0
778.913,516325,959.627,1
636.018,511759,949.606,1
796.874,532384,989.667,1
785.881,521886,969.937,1
766.876,514001,953.239,1
776.534,507843,944.735,1
930.666,603763,1136.76,0
802.487,526586,979.093,1
806.48,531795,987.871,1
733.469,533647,991.295,1
805.69,510810,946.659,1
372.154,537918,1013.3,0
799.727,525438,975.891,1
624.029,567459,1068.69,0
781.983,534915,993.499,1
367.958,385235,727.016,0
582.948,430499,811.887,0
775.612,527758,982.095,1
820.373,508556,944.674,1
794.56,528119,979.916,1
515.181,551064,1037.94,0
585.936,436013,822.224,0
810.523,535380,995.159,1
834.93,690843,1300.03,0
757.899,494480,918.404,1
567.343,468419,882.987,0
927.966,622630,1172.13,0
811.679,536198,994.148,1
835.038,690843,1300.03,0
802.486,526586,979.093,1
415.737,467254,880.802,0
811.681,536198,994.148,1
818.109,511759,949.606,1
664.741,513011,966.596,0
629.717,508738,943.456,1
840.607,354691,669.747,0
806.999,522566,968.333,1
776.533,507843,944.735,1
735.436,482218,908.86,0
495.441,464850,876.294,0
582.944,430499,811.887,0
834.939,690843,1300.03,0
367.962,385235,727.016,0
847.048,549057,1017.86,1
586.655,395836,746.894,0
580.113,594149,1118.73,0
533.21,360644,680.909,0
604.124,543394,1011.16,1
757.899,494480,918.404,1
826.597,535202,994.961,1
1153.61,495276,933.342,0
794.561,528119,979.916,1
580.678,591857,1114.43,0
810.795,531248,988.015,1
428.954,485281,914.602,0
810.434,508738,943.456,1
798.72,520927,968.594,1
802.487,526586,979.093,1
459.861,500534,943.202,0
452.054,651425,1226.12,0
751.396,508703,946.802,1
773.616,544183,1012.33,1
806.999,522566,968.333,1
504.96,457856,863.18,0
790.481,503872,935.035,1
806.999,522566,968.333,1
830.403,528404,982.408,1
757.899,494480,918.404,1
811.681,536198,994.148,1
802.487,526586,979.093,1
590.855,509506,960.024,0
452.127,651425,1226.12,0
461.327,389327,734.689,0
847.047,549057,1017.86,1
818.109,511759,949.606,1
415.739,467254,880.802,0
461.239,389327,734.689,0
1267.37,585971,1103.4,0
630.973,532384,989.667,1
790.478,503872,935.035,1
870.379,512707,948.277,1
574.253,579203,1090.71,0
586.669,395836,746.894,0
576.449,536471,994.27,1
517.102,590575,1112.03,0
452.992,565624,1065.25,0
789.682,527578,982.054,1
572.412,646172,1216.27,0
368.006,385235,727.016,0
810.435,508738,943.456,1
747.213,772806,1453.71,0
664.734,513011,966.596,0
428.159,598481,1126.85,0
542.998,457373,862.276,0
751.396,508703,946.802,1
527.751,635086,1195.49,0
370.11,610082,1148.6,0
761.996,495943,921.732,1
863.022,525413,972.545,1
794.365,542916,1008.87,1
490.677,625827,1178.13,0
851.698,519049,962.396,1
816.818,523363,974.214,1
423.234,392321,740.302,0
640.904,535380,995.159,1
554.532,413433,851.205,0
810.836,550899,1022.91,1
580.124,594149,1118.73,0
594.308,514001,953.239,1
743.345,543394,1011.16,1
499.318,430958,812.747,0
794.561,528119,979.916,1
459.833,500534,943.202,0
763.323,523515,973.376,1
654.741,519049,962.396,1
790.479,503872,935.035,1
743.345,543394,1011.16,1
785.881,521886,969.937,1
521.478,409274,772.09,0
816.817,523363,974.214,1
428.968,485281,914.602,0
773.71,515358,958.496,1
743.345,543394,1011.16,1
810.435,508738,943.456,1
559.675,522543,984.468,0
521.502,409274,772.09,0
527.733,635086,1195.49,0
518.913,658403,1239.21,0
580.04,594149,1118.73,0
819.567,537262,997.652,1
789.681,527578,982.054,1
449.129,668752,1258.61,0
927.986,622630,1172.13,0
372.085,537918,1013.3,0
789.834,520249,966.249,1
596.009,455996,859.692,0
840.707,354691,669.747,0
619.483,522566,968.333,1
459.776,411055,775.429,0
429.001,485281,914.602,0
891.48,500123,926.811,1
796.873,532384,989.667,1
582.874,430499,811.887,0
1267.62,585971,1103.4,0
459.882,500534,943.202,0
789.682,527578,982.054,1
580.927,789442,1484.9,0
834.996,690843,1300.03,0
798.887,517161,960.232,1
773.615,544183,1012.33,1
763.664,515166,956.665,1
820.373,508556,944.674,1
580.975,789442,1484.9,0
441.383,618543,1164.47,0
863.022,525413,972.545,1
452.08,651425,1226.12,0
452.881,565624,1065.25,0
864.448,528085,981.101,1
928.068,622630,1172.13,0
725.104,643812,1211.85,0
776.533,507843,944.735,1
810.836,550899,1022.91,1
690.333,454083,856.106,0
538.16,574545,1081.97,0
559.635,522543,984.468,0
833.265,529899,984.258,1
785.786,526855,981.3,1
596.015,455996,859.692,0
747.205,772806,1453.71,0
810.434,508738,943.456,1
746.151,414006,780.962,0
810.795,531248,988.015,1
490.758,625827,1178.13,0
476.463,565725,1065.44,0
799.729,525438,975.891,1
660.391,724237,1362.64,0
763.664,515166,956.665,1
530.997,421923,795.806,0
606.618,389539,735.085,0
785.786,526855,981.3,1
776.533,507843,944.735,1
798.721,520927,968.594,1
724.999,643812,1211.85,0
991.557,628726,1183.56,0
798.887,517161,960.232,1
840.669,354691,669.747,0
441.202,554224,1043.87,0
810.524,535380,995.159,1
771.126,532354,989.21,1
851.696,519049,962.396,1
774.623,546791,1016.43,1
580.95,789442,1484.9,0
811.679,536198,994.148,1
778.914,516325,959.627,1
750.286,463760,874.251,0
451.24,644458,1213.06,0
757.084,538811,1001.14,1
769.657,520566,964.881,1
799.309,537893,1001.38,1
518.888,658403,1239.21,0
580.822,789442,1484.9,0
864.449,528085,981.101,1
817.203,532586,989.706,1
517.539,475198,895.697,0
870.378,512707,948.277,1
775.611,527758,982.095,1
606.582,389539,735.085,0
457.981,569380,1072.29,0
781.226,522506,971.288,1
452.917,565624,1065.25,0
516.646,760126,1429.94,0
761.996,495943,921.732,1
750.417,463760,874.251,0
738.796,531169,989.392,1
763.665,515166,956.665,1
580.574,591857,1114.43,0
454.59,471388,888.553,0
864.306,522868,970.88,1
586.305,575478,1083.72,0
800.658,541816,1007.24,1
776.791,523058,968.953,1
471.891,584773,1101.15,0
774.624,546791,1016.43,1
368.017,385235,727.016,0
813.852,484144,897.906,1
457.978,569380,1072.29,0
738.795,531169,989.392,1
835.02,690843,1300.03,0
778.281,529385,982.101,1
830.521,505442,937.788,1
844.879,548020,1017.66,1
517.117,590575,1112.03,0
830.521,505442,937.788,1
864.307,522868,970.88,1
590.931,449659,847.811,0
585.989,605493,1140,0
532.038,509570,960.144,0
484.784,360376,680.406,0
531.962,509570,960.144,0
348.24,610693,1149.75,0
660.373,724237,1362.64,0
796.874,532384,989.667,1
741.852,507091,955.497,0
449.2,668752,1258.61,0
559.65,522543,984.468,0
533.187,360644,680.909,0
867.768,519778,963.011,1
771.126,532354,989.21,1
499.271,430958,812.747,0
766.712,527666,982.951,1
816.818,523363,974.214,1
735.415,482218,908.86,0
580.993,789442,1484.9,0
778.281,529385,982.101,1
810.524,535380,995.159,1
531.007,421923,795.806,0
819.758,558228,1051.38,0
841.869,534217,990.133,1
798.721,520927,968.594,1
518.191,519715,979.165,0
802.486,526586,979.093,1
757.899,494480,918.404,1
410.806,589718,1110.42,0
735.315,482218,908.86,0
789.682,527578,982.054,1
796.747,495498,919.284,1
844.878,548020,1017.66,1
428.882,485281,914.602,0
773.615,544183,1012.33,1
790.482,503872,935.035,1
738.796,531169,989.392,1
864.307,522868,970.88,1
1267.71,585971,1103.4,0
799.728,525438,975.891,1
370.111,610082,1148.6,0
773.616,544183,1012.33,1
532.076,509570,960.144,0
811.68,536198,994.148,1
810.837,550899,1022.91,1
817.863,545006,1008.24,1
518.767,658403,1239.21,0
457.943,569380,1072.29,0
769.011,536471,994.27,1
751.395,508703,946.802,1
841.869,534217,990.133,1
816.816,523363,974.214,1
483.51,407391,768.558,0
908.681,524168,969.633,1
660.506,724237,1362.64,0
864.448,528085,981.101,1
479.38,525864,990.696,0
574.189,579203,1090.71,0
690.375,454083,856.106,0
582.899,657387,1237.3,0
410.778,589718,1110.42,0
521.424,409274,772.09,0
410.845,589718,1110.42,0
429.015,485281,914.602,0
798.886,517161,960.232,1
847.048,549057,1017.86,1
596.039,455996,859.692,0
775.737,714262,1343.94,0
778.913,516325,959.627,1
801.999,538097,998.115,1
817.588,521269,967.889,1
810.835,550899,1022.91,1
817.864,545006,1008.24,1
733.468,533647,991.295,1
763.322,523515,973.376,1
806.478,531795,987.871,1
533.883,606000,1140.95,0
806.998,522566,968.333,1
805.691,510810,946.659,1
725.126,643812,1211.85,0
533.183,360644,680.909,0
441.391,618543,1164.47,0
499.312,430958,812.747,0
746.082,414006,780.962,0
826.6,535202,994.961,1
847.048,549057,1017.86,1
567.132,468419,882.987,0
532.061,509570,960.144,0
518.232,584460,1100.56,0
798.72,520927,968.594,1
820.373,508556,944.674,1
585.998,605493,1140,0
810.522,535380,995.159,1
785.879,521886,969.937,1
543.014,457373,862.276,0
533.206,360644,680.909,0
818.497,519520,965.201,1
428.153,598481,1126.85,0
572.388,646172,1216.27,0
820.373,508556,944.674,1
471.928,584773,1101.15,0
517.7,475198,895.697,0
1153.62,495276,933.342,0
775.987,506590,941.402,1
690.365,454083,856.106,0
483.502,407391,768.558,0
851.698,519049,962.396,1
1578.84,673913,1268.29,0
428.165,598481,1126.85,0
793.469,518725,962.853,1
810.435,508738,943.456,1
449.201,668752,1258.61,0
817.863,545006,1008.24,1
798.887,517161,960.232,1
747.151,772806,1453.71,0
651.747,525413,972.545,1
606.58,389539,735.085,0
693.911,366198,691.321,0
372.164,537918,1013.3,0
452.965,565624,1065.25,0
763.664,515166,956.665,1
794.561,528119,979.916,1
763.665,515166,956.665,1
533.809,606000,1140.95,0
452.093,651425,1226.12,0
773.615,544183,1012.33,1
538.062,574545,1081.97,0
851.698,519049,962.396,1
625.511,738969,1390.27,0
851.697,519049,962.396,1
763.665,515166,956.665,1
518.237,519715,979.165,0
533.848,606000,1140.95,0
817.587,521269,967.889,1
722.574,662333,1246.57,0
790.482,503872,935.035,1
794.561,528119,979.916,1
820.373,508556,944.674,1
799.31,537893,1001.38,1
567.321,468419,882.987,0
819.894,558228,1051.38,0
816.817,523363,974.214,1
476.521,565725,1065.44,0
793.468,518725,962.853,1
484.813,360376,680.406,0
789.681,527578,982.054,1
538.151,574545,1081.97,0
722.62,662333,1246.57,0
766.877,514001,953.239,1
452.018,651425,1226.12,0
457.965,569380,1072.29,0
476.504,565725,1065.44,0
428.994,485281,914.602,0
810.837,550899,1022.91,1
484.804,360376,680.406,0
590.805,449659,847.811,0
928.026,622630,1172.13,0
412.661,414190,781.306,0
533.898,606000,1140.95,0
851.696,519049,962.396,1
800.659,541816,1007.24,1
819.567,537262,997.652,1
283.03,477269,899.581,0
841.869,534217,990.133,1
928.047,622630,1172.13,0
773.617,544183,1012.33,1
452.032,651425,1226.12,0
743.623,506861,943.505,1
538.129,574545,1081.97,0
776.792,523058,968.953,1
785.88,521886,969.937,1
757.899,494480,918.404,1
483.553,407391,768.558,0
1153.62,495276,933.342,0
518.284,519715,979.165,0
790.996,531427,988.902,1
640.087,600173,1130.02,0
833.265,529899,984.258,1
769.012,536471,994.27,1
785.785,526855,981.3,1
624.055,567459,1068.69,0
801.998,538097,998.115,1
776.533,507843,944.735,1
826.599,535202,994.961,1
867.769,519778,963.011,1
586.676,395836,746.894,0
769.658,520566,964.881,1
816.816,523363,974.214,1
928.016,622630,1172.13,0
456.029,628259,1182.69,0
586.589,395836,746.894,0
735.456,482218,908.86,0
456.005,628259,1182.69,0
370.098,610082,1148.6,0
590.988,449659,847.811,0
517.618,475198,895.697,0
774.624,546791,1016.43,1
847.047,549057,1017.86,1
606.53,389539,735.085,0
775.757,714262,1343.94,0
451.189,644458,1213.06,0
567.331,468419,882.987,0
517.019,590575,1112.03,0
590.945,449659,847.811,0
776.534,507843,944.735,1
817.588,521269,967.889,1
908.682,524168,969.633,1
348.292,610693,1149.75,0
283.05,477269,899.581,0
423.104,392321,740.302,0
538.147,574545,1081.97,0
797.902,506251,938.41,1
451.161,644458,1213.06,0
864.307,522868,970.88,1
722.657,662333,1246.57,0
452.106,651425,1226.12,0
582.942,657387,1237.3,0
451.225,644458,1213.06,0
798.721,520927,968.594,1
441.197,554224,1043.87,0
810.524,535380,995.159,1
820.372,508556,944.674,1
773.616,544183,1012.33,1
832.958,523308,971.445,1
773.616,544183,1012.33,1
747.108,772806,1453.71,0
722.628,662333,1246.57,0
806.479,531795,987.871,1
763.324,523515,973.376,1
372.095,537918,1013.3,0
819.566,537262,997.652,1
851.697,519049,962.396,1
449.2,668752,1258.61,0
582.676,580322,1092.81,0
1267.68,585971,1103.4,0
797.903,506251,938.41,1
817.588,521269,967.889,1
746.049,414006,780.962,0
1153.57,495276,933.342,0
820.614,522660,969.755,1
799.729,525438,975.891,1
800.66,541816,1007.24,1
830.521,505442,937.788,1
778.912,516325,959.627,1
1153.66,495276,933.342,0
778.28,529385,982.101,1
743.345,543394,1011.16,1
583.032,657387,1237.3,0
572.437,646172,1216.27,0
761.996,495943,921.732,1
774.622,546791,1016.43,1
494.348,358722,677.304,0
370.115,610082,1148.6,0
819.786,558228,1051.38,0
619.45,520249,966.249,1
775.747,714262,1343.94,0
750.393,463760,874.251,0
817.204,532586,989.706,1
533.183,360644,680.909,0
771.126,532354,989.21,1
743.345,543394,1011.16,1
810.523,535380,995.159,1
801.998,538097,998.115,1
590.847,449659,847.811,0
742.003,507091,955.497,0
441.138,554224,1043.87,0
991.713,628726,1183.56,0
1578.98,673913,1268.29,0
586.332,575478,1083.72,0
515.182,551064,1037.94,0
775.638,714262,1343.94,0
820.373,508556,944.674,1
625.637,738969,1390.27,0
775.987,506590,941.402,1
499.323,430958,812.747,0
735.452,482218,908.86,0
532.496,536837,1011.27,0
830.403,528404,982.408,1
582.895,430499,811.887,0
773.71,515358,958.496,1
664.699,513011,966.596,0
789.682,527578,982.054,1
456.011,628259,1182.69,0
660.465,724237,1362.64,0
609.583,441681,832.852,0
412.688,414190,781.306,0
664.783,513011,966.596,0
738.796,531169,989.392,1
367.965,385235,727.016,0
908.682,524168,969.633,1
559.669,522543,984.468,0
830.52,505442,937.788,1
572.372,646172,1216.27,0
766.877,514001,953.239,1
802.486,526586,979.093,1
543.012,457373,862.276,0
799.727,525438,975.891,1
798.721,520927,968.594,1
781.982,534915,993.499,1
771.126,532354,989.21,1
832.957,523308,971.445,1
766.713,527666,982.951,1
863.022,525413,972.545,1
891.48,500123,926.811,1
452.974,565624,1065.25,0
801.999,538097,998.115,1
800.66,541816,1007.24,1
790.477,503872,935.035,1
830.521,505442,937.788,1
775.986,506590,941.402,1
746.049,414006,780.962,0
757.899,494480,918.404,1
459.867,500534,943.202,0
479.297,525864,990.696,0
834.319,505029,938.876,1
841.869,534217,990.133,1
580.656,591857,1114.43,0
832.958,523308,971.445,1
532.031,509570,960.144,0
423.216,392321,740.302,0
532.01,509570,960.144,0
585.941,605493,1140,0
623.976,567459,1068.69,0
540.021,430959,812.749,0
1153.64,495276,933.342,0
428.134,598481,1126.85,0
627.463,525438,975.891,1
423.222,392321,740.302,0
471.858,584773,1101.15,0
449.199,668752,1258.61,0
432.233,445143,839.343,0
830.521,505442,937.788,1
664.788,513011,966.596,0
747.297,772806,1453.71,0
615.556,516198,972.571,0
773.617,544183,1012.33,1
810.524,535380,995.159,1
817.204,532586,989.706,1
621.306,520905,981.397,0
793.468,518725,962.853,1
538.09,574545,1081.97,0
415.77,467254,880.802,0
763.665,515166,956.665,1
930.738,603763,1136.76,0
494.417,358722,677.304,0
554.536,413433,851.205,0
799.728,525438,975.891,1
449.151,668752,1258.61,0
798.886,517161,960.232,1
1153.42,495276,933.342,0
410.793,589718,1110.42,0
644.926,526586,979.093,1
834.319,505029,938.876,1
590.973,449659,847.811,0
799.309,537893,1001.38,1
797.902,506251,938.41,1
624.082,567459,1068.69,0
781.983,534915,993.499,1
864.447,528085,981.101,1
540.034,430959,812.749,0
833.266,529899,984.258,1
471.946,584773,1101.15,0
542.928,457373,862.276,0
459.759,411055,775.429,0
410.79,589718,1110.42,0
580,594149,1118.73,0
517.662,475198,895.697,0
518.28,584460,1100.56,0
870.379,512707,948.277,1
479.326,525864,990.696,0
810.436,508738,943.456,1
810.836,550899,1022.91,1
415.713,467254,880.802,0
790.479,503872,935.035,1
490.64,625827,1178.13,0
797.903,506251,938.41,1
499.376,430958,812.747,0
810.837,550899,1022.91,1
518.309,584460,1100.56,0
459.783,411055,775.429,0
799.726,514111,957.06,1
798.721,520927,968.594,1
743.344,543394,1011.16,1
776.533,507843,944.735,1
810.836,550899,1022.91,1
820.373,508556,944.674,1
479.356,525864,990.696,0
820.615,522660,969.755,1
819.567,537262,997.652,1
870.379,512707,948.277,1
606.616,389539,735.085,0
798.721,520927,968.594,1
790.996,531427,988.902,1
625.663,738969,1390.27,0
639.869,537893,1001.38,1
794.365,542916,1008.87,1
769.658,520566,964.881,1
830.403,528404,982.408,1
810.795,531248,988.015,1
867.767,519778,963.011,1
368.003,385235,727.016,0
864.306,522868,970.88,1
484.75,360376,680.406,0
596.079,455996,859.692,0
451.262,644458,1213.06,0
627.356,520927,968.594,1
818.109,511759,949.606,1
455.978,628259,1182.69,0
761.996,495943,921.732,1
834.991,690843,1300.03,0
796.875,532384,989.667,1
776.793,523058,968.953,1
810.435,508738,943.456,1
799.726,514111,957.06,1
574.236,579203,1090.71,0
518.956,658403,1239.21,0
826.598,535202,994.961,1
521.423,409274,772.09,0
735.439,482218,908.86,0
766.713,527666,982.951,1
516.646,760126,1429.94,0
781.225,522506,971.288,1
518.319,584460,1100.56,0
594.703,494480,918.404,1
609.551,441681,832.852,0
799.309,537893,1001.38,1
789.682,527578,982.054,1
826.598,535202,994.961,1
559.713,522543,984.468,0
471.926,584773,1101.15,0
908.682,524168,969.633,1
479.336,525864,990.696,0
457.971,569380,1072.29,0
586.638,395836,746.894,0
771.126,532354,989.21,1
693.851,366198,691.321,0
743.345,543394,1011.16,1
516.646,760126,1429.94,0
806.479,531795,987.871,1
746.08,414006,780.962,0
516.647,760126,1429.94,0
834.32,505029,938.876,1
585.893,605493,1140,0
490.707,625827,1178.13,0
432.183,445143,839.343,0
778.913,516325,959.627,1
606.578,389539,735.085,0
776.793,523058,968.953,1
632.19,543642,1008.83,1
799.726,514111,957.06,1
847.047,549057,1017.86,1
596.05,455996,859.692,0
483.575,407391,768.558,0
494.433,358722,677.304,0
531.022,421923,795.806,0
590.98,449659,847.811,0
580.879,789442,1484.9,0
652.388,528404,982.408,1
794.364,542916,1008.87,1
832.958,523308,971.445,1
789.681,527578,982.054,1
554.413,413433,851.205,0
771.126,532354,989.21,1
763.323,523515,973.376,1
518.872,658403,1239.21,0
797.901,506251,938.41,1
811.68,536198,994.148,1
757.898,494480,918.404,1
930.779,603763,1136.76,0
452.941,565624,1065.25,0
818.497,519520,965.201,1
586.328,575478,1083.72,0
621.305,520905,981.397,0
817.588,521269,967.889,1
690.377,454083,856.106,0
773.709,515358,958.496,1
805.69,510810,946.659,1
586.673,395836,746.894,0
801.998,538097,998.115,1
864.449,528085,981.101,1
781.983,534915,993.499,1
851.696,519049,962.396,1
367.985,385235,727.016,0
818.109,511759,949.606,1
757.898,494480,918.404,1
459.864,500534,943.202,0
664.692,513011,966.596,0
775.612,527758,982.095,1
813.853,484144,897.906,1
627.463,525438,975.891,1
428.921,485281,914.602,0
794.561,528119,979.916,1
796.747,495498,919.284,1
527.744,635086,1195.49,0
844.879,548020,1017.66,1
1115.97,329200,621.95,0
367.994,385235,727.016,0
372.112,537918,1013.3,0
800.659,541816,1007.24,1
368.01,385235,727.016,0
495.448,464850,876.294,0
741.896,507091,955.497,0
763.322,523515,973.376,1
930.667,603763,1136.76,0
531.002,421923,795.806,0
799.724,514111,957.06,1
532.439,536837,1011.27,0
531.976,509570,960.144,0
743.345,543394,1011.16,1
415.786,467254,880.802,0
763.324,523515,973.376,1
820.372,508556,944.674,1
454.525,471388,888.553,0
826.599,535202,994.961,1
819.783,558228,1051.38,0
504.957,457856,863.18,0
582.934,657387,1237.3,0
518.824,658403,1239.21,0
517.59,475198,895.697,0
451.269,644458,1213.06,0
738.796,531169,989.392,1
799.31,537893,1001.38,1
476.492,565725,1065.44,0
457.968,569380,1072.29,0
819.789,558228,1051.38,0
639.953,600173,1130.02,0
844.879,548020,1017.66,1
693.968,366198,691.321,0
746.048,414006,780.962,0
773.615,544183,1012.33,1
1116.14,329200,621.95,0
629.645,522660,969.755,1
794.365,542916,1008.87,1
811.681,536198,994.148,1
763.665,515166,956.665,1
816.818,523363,974.214,1
806.999,522566,968.333,1
615.551,516198,972.571,0
518.304,584460,1100.56,0
603.027,506861,943.505,1
368.028,385235,727.016,0
531.947,509570,960.144,0
532.552,536837,1011.27,0
459.78,411055,775.429,0
615.143,545006,1008.24,1
459.773,411055,775.429,0
785.784,526855,981.3,1
517.647,475198,895.697,0
518.322,584460,1100.56,0
469.183,598137,1126.21,0
372.149,537918,1013.3,0
800.659,541816,1007.24,1
738.797,531169,989.392,1
793.468,518725,962.853,1
469.173,598137,1126.21,0
484.786,360376,680.406,0
805.69,510810,946.659,1
834.319,505029,938.876,1
518.257,519715,979.165,0
533.174,360644,680.909,0
532.024,509570,960.144,0
835.043,690843,1300.03,0
798.887,517161,960.232,1
757.899,494480,918.404,1
538.15,574545,1081.97,0
771.126,532354,989.21,1
423.171,392321,740.302,0
370.068,610082,1148.6,0
834.319,505029,938.876,1
771.126,532354,989.21,1
517.708,475198,895.697,0
476.408,565725,1065.44,0
802.486,526586,979.093,1
781.982,534915,993.499,1
840.535,354691,669.747,0
766.713,527666,982.951,1
844.879,548020,1017.66,1
766.877,514001,953.239,1
867.768,519778,963.011,1
456,628259,1182.69,0
891.48,500123,926.811,1
567.278,468419,882.987,0
761.996,495943,921.732,1
586.24,575478,1083.72,0
484.809,360376,680.406,0
664.752,513011,966.596,0
796.746,495498,919.284,1
769.012,536471,994.27,1
816.817,523363,974.214,1
781.982,534915,993.499,1
457.985,569380,1072.29,0
567.346,468419,882.987,0
518.314,584460,1100.56,0
572.314,646172,1216.27,0
609.605,441681,832.852,0
820.373,508556,944.674,1
813.852,484144,897.906,1
818.11,511759,949.606,1
432.215,445143,839.343,0
583.008,657387,1237.3,0
930.772,603763,1136.76,0
810.523,535380,995.159,1
469.088,598137,1126.21,0
816.818,523363,974.214,1
527.718,635086,1195.49,0
785.881,521886,969.937,1
609.617,441681,832.852,0
805.69,510810,946.659,1
441.175,554224,1043.87,0
521.512,409274,772.09,0
751.396,508703,946.802,1
738.796,531169,989.392,1
469.214,598137,1126.21,0
810.524,535380,995.159,1
773.709,515358,958.496,1
805.69,510810,946.659,1
1579.04,673913,1268.29,0
781.983,534915,993.499,1
540.052,430959,812.749,0
799.729,525438,975.891,1
781.983,534915,993.499,1
372.145,537918,1013.3,0
461.275,389327,734.689,0
738.795,531169,989.392,1
722.661,662333,1246.57,0
781.982,534915,993.499,1
533.913,606000,1140.95,0
554.418,413433,851.205,0
441.388,618543,1164.47,0
662.536,512707,948.277,1
775.752,714262,1343.94,0
816.816,523363,974.214,1
840.462,354691,669.747,0
863.022,525413,972.545,1
441.199,554224,1043.87,0
630.642,541816,1007.24,1
747.273,772806,1453.71,0
660.342,724237,1362.64,0
583.012,657387,1237.3,0
832.958,523308,971.445,1
769.658,520566,964.881,1
459.879,500534,943.202,0
801.999,538097,998.115,1
799.238,543642,1008.83,1
1267.58,585971,1103.4,0
775.612,527758,982.095,1
559.694,522543,984.468,0
370.111,610082,1148.6,0
801.998,538097,998.115,1
750.478,463760,874.251,0
810.795,531248,988.015,1
693.928,366198,691.321,0
1115.95,329200,621.95,0
476.402,565725,1065.44,0
810.795,531248,988.015,1
864.449,528085,981.101,1
757.084,538811,1001.14,1
816.818,523363,974.214,1
690.371,454083,856.106,0
776.533,507843,944.735,1
778.281,529385,982.101,1
794.56,528119,979.916,1
531.99,509570,960.144,0
763.323,523515,973.376,1
930.619,603763,1136.76,0
810.795,531248,988.015,1
763.321,523515,973.376,1
415.796,467254,880.802,0
542.994,457373,862.276,0
775.987,506590,941.402,1
832.958,523308,971.445,1
778.28,529385,982.101,1
457.975,569380,1072.29,0
817.588,521269,967.889,1
891.478,500123,926.811,1
415.784,467254,880.802,0
863.022,525413,972.545,1
800.659,541816,1007.24,1
596.089,455996,859.692,0
580.91,789442,1484.9,0
533.935,606000,1140.95,0
763.324,523515,973.376,1
817.588,521269,967.889,1
991.677,628726,1183.56,0
615.611,732029,1377.25,0
572.341,646172,1216.27,0
1267.73,585971,1103.4,0
776.533,507843,944.735,1
615.603,516198,972.571,0
738.796,531169,989.392,1
471.956,584773,1101.15,0
819.566,537262,997.652,1
580.083,594149,1118.73,0
559.707,522543,984.468,0
867.769,519778,963.011,1
469.127,598137,1126.21,0
833.266,529899,984.258,1
930.772,603763,1136.76,0
733.469,533647,991.295,1
830.521,505442,937.788,1
410.786,589718,1110.42,0
763.321,523515,973.376,1
793.468,518725,962.853,1
1267.59,585971,1103.4,0
841.87,534217,990.133,1
499.329,430958,812.747,0
750.37,463760,874.251,0
794.56,528119,979.916,1
559.656,522543,984.468,0
632.104,531795,987.871,1
847.047,549057,1017.86,1
586.043,436013,822.224,0
870.379,512707,948.277,1
738.797,531169,989.392,1
789.834,520249,966.249,1
590.852,509506,960.024,0
835.024,690843,1300.03,0
750.465,463760,874.251,0
494.37,358722,677.304,0
864.449,528085,981.101,1
586.291,575478,1083.72,0
615.546,732029,1377.25,0
372.063,537918,1013.3,0
616.736,527666,982.951,1
582.841,430499,811.887,0
757.084,538811,1001.14,1
766.877,514001,953.239,1
471.954,584773,1101.15,0
796.873,532384,989.667,1
799.728,525438,975.891,1
908.682,524168,969.633,1
580.107,594149,1118.73,0
531.07,421923,795.806,0
521.501,409274,772.09,0
820.614,522660,969.755,1
743.345,543394,1011.16,1
738.797,531169,989.392,1
638.874,508556,944.674,1
738.796,531169,989.392,1
774.624,546791,1016.43,1
794.561,528119,979.916,1
586.101,436013,822.224,0
776.792,523058,968.953,1
586.592,395836,746.894,0
538.148,574545,1081.97,0
761.996,495943,921.732,1
625.624,738969,1390.27,0
580.142,594149,1118.73,0
595.974,455996,859.692,0
775.611,527758,982.095,1
690.331,454083,856.106,0
741.949,507091,955.497,0
543.012,457373,862.276,0
757.083,538811,1001.14,1
621.227,520905,981.397,0
826.598,535202,994.961,1
432.231,445143,839.343,0
840.719,354691,669.747,0
930.667,603763,1136.76,0
621.28,520905,981.397,0
518.291,519715,979.165,0
743.345,543394,1011.16,1
693.843,366198,691.321,0
457.913,569380,1072.29,0
609.544,441681,832.852,0
819.777,558228,1051.38,0
586.635,395836,746.894,0
559.687,522543,984.468,0
531.075,421923,795.806,0
805.69,510810,946.659,1
615.581,516198,972.571,0
471.886,584773,1101.15,0
580.089,594149,1118.73,0
781.227,522506,971.288,1
582.899,430499,811.887,0
1153.61,495276,933.342,0
415.768,467254,880.802,0
757.084,538811,1001.14,1
811.681,536198,994.148,1
531.018,421923,795.806,0
515.183,551064,1037.94,0
627.072,538097,998.115,1
559.744,522543,984.468,0
606.609,389539,735.085,0
798.721,520927,968.594,1
769.658,520566,964.881,1
432.231,445143,839.343,0
1267.64,585971,1103.4,0
796.746,495498,919.284,1
527.793,635086,1195.49,0
851.698,519049,962.396,1
495.516,464850,876.294,0
930.74,603763,1136.76,0
820.614,522660,969.755,1
476.54,565725,1065.44,0
840.548,354691,669.747,0
799.727,525438,975.891,1
820.373,508556,944.674,1
670.457,522868,970.88,1
580.613,591857,1114.43,0
484.803,360376,680.406,0
483.526,407391,768.558,0
625.55,738969,1390.27,0
515.106,551064,1037.94,0
521.503,409274,772.09,0
582.724,580322,1092.81,0
794.365,542916,1008.87,1
618.706,503872,935.035,1
532.459,536837,1011.27,0
757.084,538811,1001.14,1
586.279,575478,1083.72,0
819.78,558228,1051.38,0
799.728,525438,975.891,1
494.312,358722,677.304,0
441.192,554224,1043.87,0
505.008,457856,863.18,0
596.084,455996,859.692,0
469.117,598137,1126.21,0
533.863,606000,1140.95,0
1116.14,329200,621.95,0
816.817,523363,974.214,1
516.645,760126,1429.94,0
517.027,590575,1112.03,0
794.56,528119,979.916,1
908.682,524168,969.633,1
580.13,594149,1118.73,0
834.318,505029,938.876,1
818.109,511759,949.606,1
743.345,543394,1011.16,1
469.158,598137,1126.21,0
459.725,411055,775.429,0
789.682,527578,982.054,1
757.084,538811,1001.14,1
459.803,500534,943.202,0
484.806,360376,680.406,0
908.68,524168,969.633,1
773.616,544183,1012.33,1
826.598,535202,994.961,1
806.478,531795,987.871,1
518.307,584460,1100.56,0
834.319,505029,938.876,1
799.726,514111,957.06,1
574.581,533647,991.295,1
781.983,534915,993.499,1
833.265,529899,984.258,1
1115.98,329200,621.95,0
778.281,529385,982.101,1
771.125,532354,989.21,1
781.983,534915,993.499,1
580.078,594149,1118.73,0
769.012,536471,994.27,1
769.657,520566,964.881,1
348.309,610693,1149.75,0
833.265,529899,984.258,1
841.869,534217,990.133,1
870.379,512707,948.277,1
781.982,534915,993.499,1
851.697,519049,962.396,1
750.49,463760,874.251,0
423.205,392321,740.302,0
733.469,533647,991.295,1
771.126,532354,989.21,1
735.408,482218,908.86,0
789.682,527578,982.054,1
738.795,531169,989.392,1
586.666,395836,746.894,0
743.345,543394,1011.16,1
640.228,521269,967.889,1
798.721,520927,968.594,1
746.052,414006,780.962,0
423.199,392321,740.302,0
773.615,544183,1012.33,1
769.013,536471,994.27,1
864.448,528085,981.101,1
499.383,430958,812.747,0
664.759,513011,966.596,0
799.31,537893,1001.38,1
769.658,520566,964.881,1
817.863,545006,1008.24,1
459.83,500534,943.202,0
516.63,760126,1429.94,0
776.532,507843,944.735,1
810.524,535380,995.159,1
800.659,541816,1007.24,1
834.884,690843,1300.03,0
818.109,511759,949.606,1
574.189,579203,1090.71,0
891.48,500123,926.811,1
572.298,646172,1216.27,0
811.679,536198,994.148,1
590.863,509506,960.024,0
775.987,506590,941.402,1
517.079,590575,1112.03,0
582.637,580322,1092.81,0
908.682,524168,969.633,1
927.894,622630,1172.13,0
461.346,389327,734.689,0
626.161,542916,1008.87,1
693.893,366198,691.321,0
454.573,471388,888.553,0
799.729,525438,975.891,1
741.903,507091,955.497,0
410.797,589718,1110.42,0
757.899,494480,918.404,1
586.022,436013,822.224,0
781.982,534915,993.499,1
863.022,525413,972.545,1
747.243,772806,1453.71,0
799.238,543642,1008.83,1
516.646,760126,1429.94,0
452.1,651425,1226.12,0
625.563,738969,1390.27,0
598.349,531169,989.392,1
751.394,508703,946.802,1
543.013,457373,862.276,0
818.109,511759,949.606,1
629.651,484144,897.906,1
794.56,528119,979.916,1
412.694,414190,781.306,0
790.481,503872,935.035,1
476.355,565725,1065.44,0
817.204,532586,989.706,1
781.226,522506,971.288,1
738.797,531169,989.392,1
471.944,584773,1101.15,0
818.109,511759,949.606,1
789.682,527578,982.054,1
991.711,628726,1183.56,0
372.09,537918,1013.3,0
790.482,503872,935.035,1
423.144,392321,740.302,0
818.497,519520,965.201,1
454.498,471388,888.553,0
580.862,789442,1484.9,0
746.05,414006,780.962,0
586.664,395836,746.894,0
471.948,584773,1101.15,0
582.61,580322,1092.81,0
590.952,449659,847.811,0
797.902,506251,938.41,1
867.769,519778,963.011,1
763.322,523515,973.376,1
494.333,358722,677.304,0
348.219,610693,1149.75,0
1578.98,673913,1268.29,0
415.782,467254,880.802,0
785.784,526855,981.3,1
517.012,590575,1112.03,0
517.677,475198,895.697,0
601.325,523058,968.953,1
867.767,519778,963.011,1
615.507,516198,972.571,0
738.797,531169,989.392,1
796.874,532384,989.667,1
840.694,354691,669.747,0
785.88,521886,969.937,1
538.133,574545,1081.97,0
797.903,506251,938.41,1
769.658,520566,964.881,1
848.381,535320,993.679,1
785.88,521886,969.937,1
428.096,598481,1126.85,0
830.404,528404,982.408,1
370.069,610082,1148.6,0
504.934,457856,863.18,0
743.624,506861,943.505,1
775.612,527758,982.095,1
660.408,724237,1362.64,0
372.159,537918,1013.3,0
624.064,567459,1068.69,0
609.472,441681,832.852,0
751.396,508703,946.802,1
805.691,510810,946.659,1
799.309,537893,1001.38,1
778.913,516325,959.627,1
785.785,526855,981.3,1
469.163,598137,1126.21,0
751.395,508703,946.802,1
848.38,535320,993.679,1
454.522,471388,888.553,0
832.957,523308,971.445,1
533.186,360644,680.909,0
540.018,430959,812.749,0
781.982,534915,993.499,1
811.68,536198,994.148,1
810.837,550899,1022.91,1
810.435,508738,943.456,1
504.938,457856,863.18,0
348.245,610693,1149.75,0
517.034,590575,1112.03,0
441.139,554224,1043.87,0
799.238,543642,1008.83,1
586.236,575478,1083.72,0
864.307,522868,970.88,1
655.075,535320,993.679,1
640.017,600173,1130.02,0
743.624,506861,943.505,1
826.598,535202,994.961,1
495.468,464850,876.294,0
516.997,590575,1112.03,0
799.31,537893,1001.38,1
554.469,413433,851.205,0
819.566,537262,997.652,1
800.658,541816,1007.24,1
763.322,523515,973.376,1
747.22,772806,1453.71,0
743.624,506861,943.505,1
757.899,494480,918.404,1
771.126,532354,989.21,1
757.899,494480,918.404,1
930.772,603763,1136.76,0
743.345,543394,1011.16,1
844.878,548020,1017.66,1
817.204,532586,989.706,1
810.434,508738,943.456,1
806.479,531795,987.871,1
778.281,529385,982.101,1
799.238,543642,1008.83,1
580.136,594149,1118.73,0
867.768,519778,963.011,1
817.587,521269,967.889,1
533.259,360644,680.909,0
429.022,485281,914.602,0
743.623,506861,943.505,1
660.525,724237,1362.64,0
799.239,543642,1008.83,1
766.876,514001,953.239,1
810.435,508738,943.456,1
766.877,514001,953.239,1
820.374,508556,944.674,1
794.364,542916,1008.87,1
816.818,523363,974.214,1
412.716,414190,781.306,0
554.444,413433,851.205,0
805.69,510810,946.659,1
790.995,531427,988.902,1
484.723,360376,680.406,0
640.094,600173,1130.02,0
582.645,580322,1092.81,0
738.796,531169,989.392,1
531.072,421923,795.806,0
813.853,484144,897.906,1
582.692,580322,1092.81,0
639.97,600173,1130.02,0
733.469,533647,991.295,1
799.309,537893,1001.38,1
789.682,527578,982.054,1
766.877,514001,953.239,1
817.203,532586,989.706,1
927.873,622630,1172.13,0
769.658,520566,964.881,1
738.797,531169,989.392,1
471.93,584773,1101.15,0
833.264,529899,984.258,1
459.754,411055,775.429,0
763.323,523515,973.376,1
841.869,534217,990.133,1
778.914,516325,959.627,1
891.48,500123,926.811,1
747.281,772806,1453.71,0
586.195,575478,1083.72,0
775.587,714262,1343.94,0
518.277,519715,979.165,0
775.612,527758,982.095,1
428.102,598481,1126.85,0
781.226,522506,971.288,1
423.138,392321,740.302,0
484.788,360376,680.406,0
818.497,519520,965.201,1
757.084,538811,1001.14,1
750.214,463760,874.251,0
725.048,643812,1211.85,0
800.658,541816,1007.24,1
805.69,510810,946.659,1
722.679,662333,1246.57,0
763.321,523515,973.376,1
794.56,528119,979.916,1
819.796,558228,1051.38,0
810.436,508738,943.456,1
775.732,714262,1343.94,0
864.306,522868,970.88,1
799.726,514111,957.06,1
690.263,454083,856.106,0
432.216,445143,839.343,0
621.305,520905,981.397,0
461.341,389327,734.689,0
423.132,392321,740.302,0
538.155,574545,1081.97,0
818.497,519520,965.201,1
532.465,536837,1011.27,0
796.873,532384,989.667,1
554.44,413433,851.205,0
471.961,584773,1101.15,0
455.972,628259,1182.69,0
863.023,525413,972.545,1
483.567,407391,768.558,0
725.076,643812,1211.85,0
799.239,543642,1008.83,1
518.896,658403,1239.21,0
615.566,516198,972.571,0
527.686,635086,1195.49,0
781.983,534915,993.499,1
454.588,471388,888.553,0
771.126,532354,989.21,1
461.271,389327,734.689,0
693.977,366198,691.321,0
735.449,482218,908.86,0
775.694,714262,1343.94,0
820.615,522660,969.755,1
810.524,535380,995.159,1
763.321,523515,973.376,1
457.91,569380,1072.29,0
540.055,430959,812.749,0
771.125,532354,989.21,1
515.181,551064,1037.94,0
370.113,610082,1148.6,0
799.725,514111,957.06,1
283.081,477269,899.581,0
531.983,509570,960.144,0
495.443,464850,876.294,0
615.66,732029,1377.25,0
441.293,618543,1164.47,0
799.727,525438,975.891,1
818.109,511759,949.606,1
368.024,385235,727.016,0
441.111,554224,1043.87,0
469.122,598137,1126.21,0
495.45,464850,876.294,0
457.95,569380,1072.29,0
811.68,536198,994.148,1
747.236,772806,1453.71,0
441.172,554224,1043.87,0
867.768,519778,963.011,1
348.287,610693,1149.75,0
851.698,519049,962.396,1
789.834,520249,966.249,1
757.899,494480,918.404,1
757.083,538811,1001.14,1
799.238,543642,1008.83,1
785.881,521886,969.937,1
781.983,534915,993.499,1
532.488,536837,1011.27,0
813.853,484144,897.906,1
773.616,544183,1012.33,1
602.011,506251,938.41,1
750.453,463760,874.251,0
820.373,508556,944.674,1
518.237,584460,1100.56,0
370.068,610082,1148.6,0
693.884,366198,691.321,0
423.228,392321,740.302,0
851.698,519049,962.396,1
521.385,409274,772.09,0
532.471,536837,1011.27,0
533.92,606000,1140.95,0
810.435,508738,943.456,1
738.796,531169,989.392,1
538.158,574545,1081.97,0
640.004,600173,1130.02,0
410.848,589718,1110.42,0
790.995,531427,988.902,1
757.899,494480,918.404,1
834.32,505029,938.876,1
819.566,537262,997.652,1
521.477,409274,772.09,0
810.794,531248,988.015,1
580.967,789442,1484.9,0
819.566,537262,997.652,1
283.04,477269,899.581,0
820.373,508556,944.674,1
532.477,536837,1011.27,0
452.997,565624,1065.25,0
429.037,485281,914.602,0
799.239,543642,1008.83,1
826.598,535202,994.961,1
743.345,543394,1011.16,1
766.713,527666,982.951,1
810.435,508738,943.456,1
775.613,527758,982.095,1
811.68,536198,994.148,1
785.88,521886,969.937,1
412.728,414190,781.306,0
538.091,574545,1081.97,0
771.125,532354,989.21,1
816.818,523363,974.214,1
811.679,536198,994.148,1
738.796,531169,989.392,1
1267.46,585971,1103.4,0
479.39,525864,990.696,0
789.835,520249,966.249,1
495.445,464850,876.294,0
428.131,598481,1126.85,0
796.746,495498,919.284,1
441.201,554224,1043.87,0
410.846,589718,1110.42,0
991.605,628726,1183.56,0
840.656,354691,669.747,0
816.817,523363,974.214,1
811.68,536198,994.148,1
415.788,467254,880.802,0
1116.03,329200,621.95,0
790.482,503872,935.035,1
586.652,395836,746.894,0
586.015,605493,1140,0
832.958,523308,971.445,1
835.001,690843,1300.03,0
820.614,522660,969.755,1
826.598,535202,994.961,1
830.403,528404,982.408,1
763.323,523515,973.376,1
810.436,508738,943.456,1
738.795,531169,989.392,1
805.691,510810,946.659,1
819.567,537262,997.652,1
590.901,449659,847.811,0
799.728,525438,975.891,1
790.995,531427,988.902,1
840.62,354691,669.747,0
741.958,507091,955.497,0
817.588,521269,967.889,1
461.332,389327,734.689,0
640.039,600173,1130.02,0
621.308,520905,981.397,0
851.697,519049,962.396,1
798.721,520927,968.594,1
1267.49,585971,1103.4,0
799.725,514111,957.06,1
370.112,610082,1148.6,0
757.899,494480,918.404,1
830.403,528404,982.408,1
743.345,543394,1011.16,1
773.709,515358,958.496,1
794.363,542916,1008.87,1
567.335,468419,882.987,0
483.52,407391,768.558,0
864.449,528085,981.101,1
847.047,549057,1017.86,1
819.566,537262,997.652,1
515.108,551064,1037.94,0
761.996,495943,921.732,1
806.479,531795,987.871,1
580.148,594149,1118.73,0
928.006,622630,1172.13,0
1116.03,329200,621.95,0
820.373,508556,944.674,1
516.647,760126,1429.94,0
769.012,536471,994.27,1
819.566,537262,997.652,1
774.624,546791,1016.43,1
479.351,525864,990.696,0
848.38,535320,993.679,1
811.68,536198,994.148,1
586.079,436013,822.224,0
1579.06,673913,1268.29,0
495.517,464850,876.294,0
769.658,520566,964.881,1
596.044,455996,859.692,0
615.563,732029,1377.25,0
817.203,532586,989.706,1
660.454,724237,1362.64,0
595.994,455996,859.692,0
810.795,531248,988.015,1
582.716,580322,1092.81,0
476.476,565725,1065.44,0
799.239,543642,1008.83,1
484.815,360376,680.406,0
441.39,618543,1164.47,0
516.646,760126,1429.94,0
775.723,714262,1343.94,0
518.224,519715,979.165,0
781.227,522506,971.288,1
538.093,574545,1081.97,0
761.997,495943,921.732,1
283.036,477269,899.581,0
574.16,579203,1090.71,0
609.484,441681,832.852,0
769.012,536471,994.27,1
864.307,522868,970.88,1
559.756,522543,984.468,0
816.816,523363,974.214,1
832.958,523308,971.445,1
771.126,532354,989.21,1
810.795,531248,988.015,1
817.588,521269,967.889,1
841.87,534217,990.133,1
790.994,531427,988.902,1
799.728,525438,975.891,1
461.337,389327,734.689,0
789.682,527578,982.054,1
611.784,523515,973.376,1
908.683,524168,969.633,1
766.877,514001,953.239,1
590.959,449659,847.811,0
725.186,643812,1211.85,0
586.31,575478,1083.72,0
454.558,471388,888.553,0
799.726,514111,957.06,1
806.48,531795,987.871,1
499.266,430958,812.747,0
479.36,525864,990.696,0
615.685,732029,1377.25,0
991.607,628726,1183.56,0
664.748,513011,966.596,0
567.285,468419,882.987,0
733.469,533647,991.295,1
518.27,519715,979.165,0
794.365,542916,1008.87,1
891.481,500123,926.811,1
785.881,521886,969.937,1
794.363,542916,1008.87,1
583.036,657387,1237.3,0
649.241,505029,938.876,1
606.6,389539,735.085,0
789.682,527578,982.054,1
432.232,445143,839.343,0
746.037,414006,780.962,0
517.625,475198,895.697,0
725.175,643812,1211.85,0
441.295,618543,1164.47,0
690.261,454083,856.106,0
624.012,567459,1068.69,0
813.852,484144,897.906,1
452.988,565624,1065.25,0
891.479,500123,926.811,1
797.903,506251,938.41,1
771.126,532354,989.21,1
598.778,529385,982.101,1
834.319,505029,938.876,1
410.792,589718,1110.42,0
640.046,600173,1130.02,0
490.72,625827,1178.13,0
518.264,519715,979.165,0
452.96,565624,1065.25,0
769.658,520566,964.881,1
668.234,529899,984.258,1
543.013,457373,862.276,0
817.204,532586,989.706,1
518.25,519715,979.165,0
818.496,519520,965.201,1
774.623,546791,1016.43,1
452.113,651425,1226.12,0
810.795,531248,988.015,1
778.914,516325,959.627,1
816.817,523363,974.214,1
582.858,430499,811.887,0
773.708,515358,958.496,1
746.049,414006,780.962,0
816.817,523363,974.214,1
775.762,714262,1343.94,0
761.996,495943,921.732,1
930.776,603763,1136.76,0
449.151,668752,1258.61,0
775.987,506590,941.402,1
847.047,549057,1017.86,1
499.364,430958,812.747,0
743.344,543394,1011.16,1
490.684,625827,1178.13,0
834.319,505029,938.876,1
790.481,503872,935.035,1
580.66,591857,1114.43,0
664.779,513011,966.596,0
580.608,591857,1114.43,0
580.959,789442,1484.9,0
455.994,628259,1182.69,0
459.723,411055,775.429,0
743.344,543394,1011.16,1
789.682,527578,982.054,1
585.981,605493,1140,0
370.113,610082,1148.6,0
451.154,644458,1213.06,0
810.435,508738,943.456,1
428.928,485281,914.602,0
781.227,522506,971.288,1
798.886,517161,960.232,1
817.863,545006,1008.24,1
811.68,536198,994.148,1
483.465,407391,768.558,0
746.151,414006,780.962,0
757.084,538811,1001.14,1
735.36,482218,908.86,0
428.144,598481,1126.85,0
454.576,471388,888.553,0
428.127,598481,1126.85,0
459.769,411055,775.429,0
504.934,457856,863.18,0
785.88,521886,969.937,1
615.612,516198,972.571,0
428.1,598481,1126.85,0
773.709,515358,958.496,1
820.372,508556,944.674,1
776.793,523058,968.953,1
484.752,360376,680.406,0
799.31,537893,1001.38,1
785.784,526855,981.3,1
348.249,610693,1149.75,0
415.735,467254,880.802,0
820.374,508556,944.674,1
722.675,662333,1246.57,0
530.999,421923,795.806,0
819.566,537262,997.652,1
864.307,522868,970.88,1
867.769,519778,963.011,1
743.345,543394,1011.16,1
863.024,525413,972.545,1
771.126,532354,989.21,1
743.624,506861,943.505,1
1579.05,673913,1268.29,0
796.873,532384,989.667,1
778.281,529385,982.101,1
790.481,503872,935.035,1
870.379,512707,948.277,1
621.306,520905,981.397,0
757.084,538811,1001.14,1
348.296,610693,1149.75,0
891.479,500123,926.811,1
621.226,520905,981.397,0
818.497,519520,965.201,1
811.68,536198,994.148,1
811.68,536198,994.148,1
580.034,594149,1118.73,0
930.774,603763,1136.76,0
818.496,519520,965.201,1
532.546,536837,1011.27,0
757.898,494480,918.404,1
625.597,738969,1390.27,0
461.304,389327,734.689,0
811.681,536198,994.148,1
811.679,536198,994.148,1
778.281,529385,982.101,1
835.053,690843,1300.03,0
441.195,554224,1043.87,0
518.198,519715,979.165,0
580.687,591857,1114.43,0
554.464,413433,851.205,0
794.56,528119,979.916,1
746.152,414006,780.962,0
832.957,523308,971.445,1
738.796,531169,989.392,1
763.664,515166,956.665,1
476.528,565725,1065.44,0
471.889,584773,1101.15,0
412.751,414190,781.306,0
455.939,628259,1182.69,0
532.506,536837,1011.27,0
518.863,658403,1239.21,0
841.869,534217,990.133,1
819.81,558228,1051.38,0
819.567,537262,997.652,1
797.902,506251,938.41,1
660.497,724237,1362.64,0
615.571,516198,972.571,0
428.961,485281,914.602,0
863.024,525413,972.545,1
623.848,567459,1068.69,0
452.134,651425,1226.12,0
818.497,519520,965.201,1
527.678,635086,1195.49,0
690.38,454083,856.106,0
722.624,662333,1246.57,0
819.566,537262,997.652,1
797.902,506251,938.41,1
778.913,516325,959.627,1
771.126,532354,989.21,1
527.645,635086,1195.49,0
781.983,534915,993.499,1
743.344,543394,1011.16,1
773.71,515358,958.496,1
766.713,527666,982.951,1
494.392,358722,677.304,0
741.98,507091,955.497,0
810.795,531248,988.015,1
798.886,517161,960.232,1
806.999,522566,968.333,1
991.682,628726,1183.56,0
639.99,600173,1130.02,0
476.469,565725,1065.44,0
574.252,579203,1090.71,0
456.023,628259,1182.69,0
609.419,441681,832.852,0
806.998,522566,968.333,1
775.611,527758,982.095,1
747.251,772806,1453.71,0
733.469,533647,991.295,1
743.345,543394,1011.16,1
583.028,657387,1237.3,0
586.632,395836,746.894,0
586.094,436013,822.224,0
618.282,516325,959.627,1
817.204,532586,989.706,1
582.94,430499,811.887,0
642.542,549057,1017.86,1
870.379,512707,948.277,1
606.602,389539,735.085,0
664.756,513011,966.596,0
817.202,532586,989.706,1
778.913,516325,959.627,1
663.42,523363,974.214,1
813.853,484144,897.906,1
633.532,526855,981.3,1
616.01,532354,989.21,1
452.025,651425,1226.12,0
348.275,610693,1149.75,0
586.661,395836,746.894,0
820.372,508556,944.674,1
851.697,519049,962.396,1
505.008,457856,863.18,0
798.721,520927,968.594,1
451.988,651425,1226.12,0
459.785,411055,775.429,0
799.239,543642,1008.83,1
763.665,515166,956.665,1
817.588,521269,967.889,1
864.448,528085,981.101,1
805.69,510810,946.659,1
449.2,668752,1258.61,0
774.624,546791,1016.43,1
1153.49,495276,933.342,0
499.334,430958,812.747,0
798.721,520927,968.594,1
533.776,606000,1140.95,0
799.728,525438,975.891,1
441.296,618543,1164.47,0
735.433,482218,908.86,0
864.449,528085,981.101,1
532.52,536837,1011.27,0
582.884,430499,811.887,0
531.074,421923,795.806,0
790.996,531427,988.902,1
798.72,520927,968.594,1
801.998,538097,998.115,1
775.987,506590,941.402,1
806.478,531795,987.871,1
771.125,532354,989.21,1
834.319,505029,938.876,1
461.309,389327,734.689,0
816.817,523363,974.214,1
461.299,389327,734.689,0
796.746,495498,919.284,1
660.444,724237,1362.64,0
615.668,732029,1377.25,0
769.011,536471,994.27,1
372.13,537918,1013.3,0
533.258,360644,680.909,0
574.251,579203,1090.71,0
609.611,441681,832.852,0
660.399,724237,1362.64,0
449.184,668752,1258.61,0
773.709,515358,958.496,1
810.794,531248,988.015,1
785.785,526855,981.3,1
586.314,575478,1083.72,0
776.532,507843,944.735,1
582.987,657387,1237.3,0
283.047,477269,899.581,0
469.209,598137,1126.21,0
604.124,543394,1011.16,1
830.403,528404,982.408,1
798.886,517161,960.232,1
830.403,528404,982.408,1
766.877,514001,953.239,1
1267.69,585971,1103.4,0
820.373,508556,944.674,1
817.863,545006,1008.24,1
370.114,610082,1148.6,0
1267.47,585971,1103.4,0
664.745,513011,966.596,0
742.033,507091,955.497,0
799.729,525438,975.891,1
819.566,537262,997.652,1
766.877,514001,953.239,1
781.982,534915,993.499,1
615.643,732029,1377.25,0
590.775,509506,960.024,0
830.52,505442,937.788,1
456.04,628259,1182.69,0
582.866,430499,811.887,0
633.316,537262,997.652,1
432.234,445143,839.343,0
543.013,457373,862.276,0
725.058,643812,1211.85,0
750.405,463760,874.251,0
1579.05,673913,1268.29,0
841.869,534217,990.133,1
800.659,541816,1007.24,1
479.331,525864,990.696,0
775.643,714262,1343.94,0
799.309,537893,1001.38,1
771.126,532354,989.21,1
586.007,605493,1140,0
567.191,468419,882.987,0
766.877,514001,953.239,1
615.506,732029,1377.25,0
415.766,467254,880.802,0
499.307,430958,812.747,0
819.897,558228,1051.38,0
461.356,389327,734.689,0
817.203,532586,989.706,1
527.692,635086,1195.49,0
991.717,628726,1183.56,0
518.807,658403,1239.21,0
742.026,507091,955.497,0
832.958,523308,971.445,1
452.946,565624,1065.25,0
817.863,545006,1008.24,1
621.227,520905,981.397,0
810.434,508738,943.456,1
583.024,657387,1237.3,0
616.01,532354,989.21,1
459.72,411055,775.429,0
833.265,529899,984.258,1
1579.05,673913,1268.29,0
799.31,537893,1001.38,1
606.613,389539,735.085,0
847.047,549057,1017.86,1
819.818,558228,1051.38,0
763.321,523515,973.376,1
516.589,760126,1429.94,0
604.499,520566,964.881,1
813.853,484144,897.906,1
806.999,522566,968.333,1
757.898,494480,918.404,1
819.567,537262,997.652,1
832.956,523308,971.445,1
590.823,509506,960.024,0
781.982,534915,993.499,1
864.307,522868,970.88,1
283.021,477269,899.581,0
817.588,521269,967.889,1
1153.65,495276,933.342,0
778.913,516325,959.627,1
415.794,467254,880.802,0
532.541,536837,1011.27,0
776.793,523058,968.953,1
810.524,535380,995.159,1
817.864,545006,1008.24,1
891.479,500123,926.811,1
586.029,436013,822.224,0
504.925,457856,863.18,0
283.038,477269,899.581,0
799.238,543642,1008.83,1
769.658,520566,964.881,1
763.664,515166,956.665,1
495.464,464850,876.294,0
490.764,625827,1178.13,0
620.892,522506,971.288,1
490.778,625827,1178.13,0
833.265,529899,984.258,1
864.449,528085,981.101,1
283.077,477269,899.581,0
799.729,525438,975.891,1
928.036,622630,1172.13,0
423.177,392321,740.302,0
572.404,646172,1216.27,0
372.169,537918,1013.3,0
769.013,536471,994.27,1
810.837,550899,1022.91,1
751.396,508703,946.802,1
863.023,525413,972.545,1
851.697,519049,962.396,1
690.367,454083,856.106,0
521.511,409274,772.09,0
747.159,772806,1453.71,0
611.784,523515,973.376,1
410.808,589718,1110.42,0
574.188,579203,1090.71,0
844.879,548020,1017.66,1
452.983,565624,1065.25,0
629.717,508738,943.456,1
533.185,360644,680.909,0
582.594,580322,1092.81,0
773.71,515358,958.496,1
747.289,772806,1453.71,0
596.021,455996,859.692,0
483.428,407391,768.558,0
851.697,519049,962.396,1
615.602,732029,1377.25,0
775.987,506590,941.402,1
1579.07,673913,1268.29,0
789.682,527578,982.054,1
806.999,522566,968.333,1
816.817,523363,974.214,1
517.67,475198,895.697,0
799.309,537893,1001.38,1
908.682,524168,969.633,1
820.614,522660,969.755,1
775.704,714262,1343.94,0
794.363,542916,1008.87,1
621.19,520905,981.397,0
790.995,531427,988.902,1
840.746,354691,669.747,0
580.118,594149,1118.73,0
722.666,662333,1246.57,0
775.742,714262,1343.94,0
621.305,520905,981.397,0
459.757,411055,775.429,0
469.178,598137,1126.21,0
798.886,517161,960.232,1
605.108,534915,993.499,1
778.281,529385,982.101,1
574.254,579203,1090.71,0
750.429,463760,874.251,0
771.126,532354,989.21,1
455.945,628259,1182.69,0
530.996,421923,795.806,0
789.835,520249,966.249,1
624.046,567459,1068.69,0
789.834,520249,966.249,1
766.713,527666,982.951,1
664.765,513011,966.596,0
615.542,516198,972.571,0
633.316,537262,997.652,1
494.355,358722,677.304,0
543.012,457373,862.276,0
454.527,471388,888.553,0
660.429,724237,1362.64,0
794.364,542916,1008.87,1
794.365,542916,1008.87,1
518.198,584460,1100.56,0
818.109,511759,949.606,1
851.696,519049,962.396,1
785.88,521886,969.937,1
582.602,580322,1092.81,0
423.165,392321,740.302,0
533.258,360644,680.909,0
801.999,538097,998.115,1
483.533,407391,768.558,0
848.38,535320,993.679,1
495.518,464850,876.294,0
586.301,575478,1083.72,0
517.063,590575,1112.03,0
775.987,506590,941.402,1
930.773,603763,1136.76,0
415.781,467254,880.802,0
773.71,515358,958.496,1
834.32,505029,938.876,1
582.854,430499,811.887,0
790.995,531427,988.902,1
542.997,457373,862.276,0
763.324,523515,973.376,1
794.56,528119,979.916,1
527.725,635086,1195.49,0
794.56,528119,979.916,1
533.185,360644,680.909,0
790.995,531427,988.902,1
515.107,551064,1037.94,0
542.955,457373,862.276,0
810.435,508738,943.456,1
722.67,662333,1246.57,0
432.231,445143,839.343,0
775.612,527758,982.095,1
370.049,610082,1148.6,0
583.016,657387,1237.3,0
817.863,545006,1008.24,1
819.566,537262,997.652,1
751.396,508703,946.802,1
991.71,628726,1183.56,0
796.746,495498,919.284,1
799.729,525438,975.891,1
766.714,527666,982.951,1
540.037,430959,812.749,0
991.716,628726,1183.56,0
930.779,603763,1136.76,0
818.497,519520,965.201,1
794.365,542916,1008.87,1
781.225,522506,971.288,1
799.31,537893,1001.38,1
743.344,543394,1011.16,1
441.392,618543,1164.47,0
864.449,528085,981.101,1
596.026,455996,859.692,0
640.074,600173,1130.02,0
580.697,591857,1114.43,0
625.631,738969,1390.27,0
816.817,523363,974.214,1
494.409,358722,677.304,0
631.758,527578,982.054,1
559.762,522543,984.468,0
778.913,516325,959.627,1
830.404,528404,982.408,1
811.679,536198,994.148,1
543.012,457373,862.276,0
810.523,535380,995.159,1
773.709,515358,958.496,1
761.997,495943,921.732,1
499.257,430958,812.747,0
847.048,549057,1017.86,1
1153.63,495276,933.342,0
817.863,545006,1008.24,1
819.566,537262,997.652,1
1153.49,495276,933.342,0
806.999,522566,968.333,1
851.697,519049,962.396,1
516.982,590575,1112.03,0
747.266,772806,1453.71,0
609.588,441681,832.852,0
848.38,535320,993.679,1
806.479,531795,987.871,1
799.309,537893,1001.38,1
671.35,524168,969.633,1
516.648,760126,1429.94,0
798.886,517161,960.232,1
775.987,506590,941.402,1
454.571,471388,888.553,0
799.725,514111,957.06,1
781.226,522506,971.288,1
769.012,536471,994.27,1
625.657,738969,1390.27,0
494.304,358722,677.304,0
799.238,543642,1008.83,1
830.521,505442,937.788,1
518.235,584460,1100.56,0
799.31,537893,1001.38,1
640.033,600173,1130.02,0
864.307,522868,970.88,1
459.888,500534,943.202,0
771.126,532354,989.21,1
793.469,518725,962.853,1
452.951,565624,1065.25,0
738.796,531169,989.392,1
790.477,503872,935.035,1
625.644,738969,1390.27,0
540.043,430959,812.749,0
412.654,414190,781.306,0
725.039,643812,1211.85,0
471.958,584773,1101.15,0
572.349,646172,1216.27,0
690.369,454083,856.106,0
799.31,537893,1001.38,1
816.816,523363,974.214,1
810.837,550899,1022.91,1
751.395,508703,946.802,1
412.7,414190,781.306,0
441.193,554224,1043.87,0
521.506,409274,772.09,0
449.152,668752,1258.61,0
615.607,516198,972.571,0
819.566,537262,997.652,1
639.869,537893,1001.38,1
483.546,407391,768.558,0
372.135,537918,1013.3,0
908.681,524168,969.633,1
530.986,421923,795.806,0
763.324,523515,973.376,1
864.307,522868,970.88,1
441.251,618543,1164.47,0
621.304,520905,981.397,0
796.873,532384,989.667,1
625.65,738969,1390.27,0
751.395,508703,946.802,1
798.721,520927,968.594,1
819.774,558228,1051.38,0
479.345,525864,990.696,0
457.947,569380,1072.29,0
790.479,503872,935.035,1
580.984,789442,1484.9,0
283.032,477269,899.581,0
789.834,520249,966.249,1
799.726,514111,957.06,1
521.476,409274,772.09,0
518.939,658403,1239.21,0
603.19,495943,921.732,1
799.728,525438,975.891,1
368,385235,727.016,0
798.721,520927,968.594,1
797.901,506251,938.41,1
590.966,449659,847.811,0
789.682,527578,982.054,1
930.772,603763,1136.76,0
751.395,508703,946.802,1
771.126,532354,989.21,1
459.885,500534,943.202,0
585.973,605493,1140,0
830.401,528404,982.408,1
851.698,519049,962.396,1
574.253,579203,1090.71,0
533.824,606000,1140.95,0
621.285,520905,981.397,0
761.996,495943,921.732,1
746.049,414006,780.962,0
757.899,494480,918.404,1
452.908,565624,1065.25,0
799.726,514111,957.06,1
615.561,516198,972.571,0
1579.07,673913,1268.29,0
533.184,360644,680.909,0
585.933,605493,1140,0
806.48,531795,987.871,1
743.624,506861,943.505,1
781.983,534915,993.499,1
490.751,625827,1178.13,0
796.746,495498,919.284,1
801.999,538097,998.115,1
743.345,543394,1011.16,1
743.624,506861,943.505,1
840.643,354691,669.747,0
927.945,622630,1172.13,0
517.042,590575,1112.03,0
642.625,532586,989.706,1
781.983,534915,993.499,1
580.689,591857,1114.43,0
582.87,430499,811.887,0
908.683,524168,969.633,1
820.373,508556,944.674,1
776.792,523058,968.953,1
799.309,537893,1001.38,1
844.879,548020,1017.66,1
423.21,392321,740.302,0
830.403,528404,982.408,1
624.038,567459,1068.69,0
820.374,508556,944.674,1
817.863,545006,1008.24,1
660.417,724237,1362.64,0
738.796,531169,989.392,1
574.231,579203,1090.71,0
785.785,526855,981.3,1
531,421923,795.806,0
790.481,503872,935.035,1
690.259,454083,856.106,0
623.921,567459,1068.69,0
452.913,565624,1065.25,0
494.384,358722,677.304,0
479.321,525864,990.696,0
743.345,543394,1011.16,1
540.049,430959,812.749,0
441.384,618543,1164.47,0
763.324,523515,973.376,1
891.48,500123,926.811,1
518.317,584460,1100.56,0
733.469,533647,991.295,1
585.885,605493,1140,0
798.886,517161,960.232,1
590.739,509506,960.024,0
789.682,527578,982.054,1
841.869,534217,990.133,1
693.876,366198,691.321,0
451.205,644458,1213.06,0
582.654,580322,1092.81,0
1578.73,673913,1268.29,0
505.008,457856,863.18,0
817.863,545006,1008.24,1
432.232,445143,839.343,0
844.879,548020,1017.66,1
810.436,508738,943.456,1
778.913,516325,959.627,1
469.153,598137,1126.21,0
623.717,536198,994.148,1
851.698,519049,962.396,1
799.239,543642,1008.83,1
582.733,580322,1092.81,0
789.682,527578,982.054,1
833.265,529899,984.258,1
750.346,463760,874.251,0
863.022,525413,972.545,1
738.796,531169,989.392,1
800.659,541816,1007.24,1
802.486,526586,979.093,1
771.125,532354,989.21,1
927.884,622630,1172.13,0
1115.98,329200,621.95,0
796.747,495498,919.284,1
527.8,635086,1195.49,0
531.003,421923,795.806,0
586.057,436013,822.224,0
613.48,508703,946.802,1
776.792,523058,968.953,1
789.681,527578,982.054,1
484.808,360376,680.406,0
796.874,532384,989.667,1
810.794,531248,988.015,1
1153.64,495276,933.342,0
1579.06,673913,1268.29,0
441.361,618543,1164.47,0
583.004,657387,1237.3,0
574.252,579203,1090.71,0
927.816,622630,1172.13,0
461.266,389327,734.689,0
781.226,522506,971.288,1
539.971,430959,812.749,0
595.988,455996,859.692,0
451.277,644458,1213.06,0
412.722,414190,781.306,0
796.746,495498,919.284,1
789.682,527578,982.054,1
615.635,732029,1377.25,0
572.429,646172,1216.27,0
432.183,445143,839.343,0
484.748,360376,680.406,0
627.356,520927,968.594,1
533.207,360644,680.909,0
454.583,471388,888.553,0
776.533,507843,944.735,1
615.547,516198,972.571,0
469.188,598137,1126.21,0
830.52,505442,937.788,1
457.885,569380,1072.29,0
928.057,622630,1172.13,0
793.468,518725,962.853,1
769.012,536471,994.27,1
769.012,536471,994.27,1
763.322,523515,973.376,1
805.69,510810,946.659,1
778.281,529385,982.101,1
615.676,732029,1377.25,0
559.662,522543,984.468,0
559.681,522543,984.468,0
801.998,538097,998.115,1
517.124,590575,1112.03,0
454.585,471388,888.553,0
454.561,471388,888.553,0
490.784,625827,1178.13,0
864.307,522868,970.88,1
738.796,531169,989.392,1
690.336,454083,856.106,0
441.394,618543,1164.47,0
816.818,523363,974.214,1
810.837,550899,1022.91,1
799.309,537893,1001.38,1
776.792,523058,968.953,1
813.853,484144,897.906,1
367.99,385235,727.016,0
586.05,436013,822.224,0
490.713,625827,1178.13,0
540.014,430959,812.749,0
796.746,495498,919.284,1
841.869,534217,990.133,1
835.029,690843,1300.03,0
735.446,482218,908.86,0
348.314,610693,1149.75,0
725.029,643812,1211.85,0
801.998,538097,998.115,1
867.767,519778,963.011,1
757.898,494480,918.404,1
847.047,549057,1017.86,1
802.486,526586,979.093,1
820.371,508556,944.674,1
461.323,389327,734.689,0
471.952,584773,1101.15,0
750.274,463760,874.251,0
802.486,526586,979.093,1
639.997,600173,1130.02,0
533.876,606000,1140.95,0
891.479,500123,926.811,1
606.611,389539,735.085,0
476.413,565725,1065.44,0
816.818,523363,974.214,1
763.324,523515,973.376,1
797.902,506251,938.41,1
533.26,360644,680.909,0
840.733,354691,669.747,0
586.024,605493,1140,0
585.965,605493,1140,0
819.566,537262,997.652,1
818.109,511759,949.606,1
590.917,449659,847.811,0
763.665,515166,956.665,1
459.897,500534,943.202,0
476.51,565725,1065.44,0
1153.48,495276,933.342,0
833.265,529899,984.258,1
452.969,565624,1065.25,0
515.11,551064,1037.94,0
891.481,500123,926.811,1
368.021,385235,727.016,0
763.322,523515,973.376,1
586.323,575478,1083.72,0
793.467,518725,962.853,1
597.168,538811,1001.14,1
606.604,389539,735.085,0
776.792,523058,968.953,1
585.837,605493,1140,0
819.566,537262,997.652,1
776.534,507843,944.735,1
757.899,494480,918.404,1
515.109,551064,1037.94,0
542.955,457373,862.276,0
741.988,507091,955.497,0
870.378,512707,948.277,1
518.904,658403,1239.21,0
516.562,760126,1429.94,0
642.645,548020,1017.66,1
567.328,468419,882.987,0
749.958,413433,851.205,0
725.166,643812,1211.85,0
533.891,606000,1140.95,0
819.566,537262,997.652,1
449.199,668752,1258.61,0
741.911,507091,955.497,0
820.373,508556,944.674,1
516.588,760126,1429.94,0
778.913,516325,959.627,1
801.999,538097,998.115,1
609.558,441681,832.852,0
864.448,528085,981.101,1
532.083,509570,960.144,0
494.34,358722,677.304,0
774.624,546791,1016.43,1
796.874,532384,989.667,1
625.556,738969,1390.27,0
606.534,389539,735.085,0
586.318,575478,1083.72,0
449.185,668752,1258.61,0
639.977,600173,1130.02,0
810.795,531248,988.015,1
810.435,508738,943.456,1
798.721,520927,968.594,1
605.843,518725,962.853,1
810.837,550899,1022.91,1
585.986,436013,822.224,0
623.111,517161,960.232,1
638.874,508556,944.674,1
640.08,600173,1130.02,0
559.75,522543,984.468,0
538.131,574545,1081.97,0
750.358,463760,874.251,0
820.372,508556,944.674,1
1116.15,329200,621.95,0
428.987,485281,914.602,0
635.758,531427,988.902,1
613.645,544183,1012.33,1
586.338,575478,1083.72,0
455.911,628259,1182.69,0
517.692,475198,895.697,0
781.226,522506,971.288,1
830.522,505442,937.788,1
504.935,457856,863.18,0
582.7,580322,1092.81,0
639.977,534217,990.133,1
483.494,407391,768.558,0
580.658,591857,1114.43,0
554.46,413433,851.205,0
618.429,521886,969.937,1
582.879,430499,811.887,0
495.442,464850,876.294,0
372.117,537918,1013.3,0
648.621,531248,988.015,1
775.987,506590,941.402,1
533.188,360644,680.909,0
789.835,520249,966.249,1
348.318,610693,1149.75,0
820.373,508556,944.674,1
567.195,468419,882.987,0
757.899,494480,918.404,1
819.567,537262,997.652,1
636.908,523308,971.445,1
766.876,514001,953.239,1
851.696,519049,962.396,1
581.01,789442,1484.9,0
428.914,485281,914.602,0
499.345,430958,812.747,0
531.969,509570,960.144,0
806.999,522566,968.333,1
574.251,579203,1090.71,0
484.811,360376,680.406,0
793.468,518725,962.853,1
763.665,515166,956.665,1
826.599,535202,994.961,1
802.486,526586,979.093,1
819.792,558228,1051.38,0
582.708,580322,1092.81,0
769.013,536471,994.27,1
834.319,505029,938.876,1
580.918,789442,1484.9,0
518.299,519715,979.165,0
582.862,430499,811.887,0
773.709,515358,958.496,1
423.193,392321,740.302,0
851.698,519049,962.396,1
820.374,508556,944.674,1
615.594,732029,1377.25,0
608.746,506590,941.402,1
449.199,668752,1258.61,0
802.486,526586,979.093,1
818.497,519520,965.201,1
586.086,436013,822.224,0
789.682,527578,982.054,1
432.234,445143,839.343,0
590.855,449659,847.811,0
517.05,590575,1112.03,0
722.645,662333,1246.57,0
638.808,519520,965.201,1
820.615,522660,969.755,1
733.469,533647,991.295,1
799.238,543642,1008.83,1
766.712,527666,982.951,1
504.934,457856,863.18,0
459.787,411055,775.429,0
844.879,548020,1017.66,1
412.74,414190,781.306,0
851.696,519049,962.396,1
454.58,471388,888.553,0
811.681,536198,994.148,1
867.769,519778,963.011,1
518.302,584460,1100.56,0
840.594,354691,669.747,0
743.344,543394,1011.16,1
789.682,527578,982.054,1
743.345,543394,1011.16,1
372.14,537918,1013.3,0
1578.98,673913,1268.29,0
693.834,366198,691.321,0
790.995,531427,988.902,1
799.726,514111,957.06,1
806.48,531795,987.871,1
774.624,546791,1016.43,1
518.921,658403,1239.21,0
517.11,590575,1112.03,0
606.606,389539,735.085,0
517.005,590575,1112.03,0
735.459,482218,908.86,0
802.486,526586,979.093,1
490.671,625827,1178.13,0
738.796,531169,989.392,1
609.594,441681,832.852,0
533.816,606000,1140.95,0
567.281,468419,882.987,0
798.721,520927,968.594,1
801.999,538097,998.115,1
800.659,541816,1007.24,1
441.387,618543,1164.47,0
624.718,510810,946.659,1
580.942,789442,1484.9,0
781.983,534915,993.499,1
832.958,523308,971.445,1
623.984,567459,1068.69,0
742.018,507091,955.497,0
693.959,366198,691.321,0
451.232,644458,1213.06,0
834.319,505029,938.876,1
817.203,532586,989.706,1
848.38,535320,993.679,1
848.38,535320,993.679,1
457.962,569380,1072.29,0
757.898,494480,918.404,1
596.073,455996,859.692,0
722.566,662333,1246.57,0
606.59,515358,958.496,1
810.436,508738,943.456,1
799.727,525438,975.891,1
810.435,508738,943.456,1
818.497,519520,965.201,1
516.589,760126,1429.94,0
766.713,527666,982.951,1
518.152,519715,979.165,0
790.48,503872,935.035,1
368.013,385235,727.016,0
499.34,430958,812.747,0
735.442,482218,908.86,0
654.741,519049,962.396,1
816.818,523363,974.214,1
847.047,549057,1017.86,1
870.377,512707,948.277,1
505.009,457856,863.18,0
789.834,520249,966.249,1
819.566,537262,997.652,1
757.083,538811,1001.14,1
991.685,628726,1183.56,0
410.804,589718,1110.42,0
554.431,413433,851.205,0
761.995,495943,921.732,1
649.034,519778,963.011,1
789.834,520249,966.249,1
766.877,514001,953.239,1
751.396,508703,946.802,1
832.958,523308,971.445,1
841.869,534217,990.133,1
798.72,520927,968.594,1
432.216,445143,839.343,0
621.283,520905,981.397,0
559.72,522543,984.468,0
766.713,527666,982.951,1
451.198,644458,1213.06,0
582.938,657387,1237.3,0
693.985,366198,691.321,0
757.084,538811,1001.14,1
412.757,414190,781.306,0
415.792,467254,880.802,0
415.79,467254,880.802,0
451.254,644458,1213.06,0
483.472,407391,768.558,0
819.567,537262,997.652,1
693.859,366198,691.321,0
798.72,520927,968.594,1
775.612,527758,982.095,1
586.658,395836,746.894,0
532.513,536837,1011.27,0
789.834,520249,966.249,1
778.281,529385,982.101,1
797.901,506251,938.41,1
452.068,651425,1226.12,0
518.948,658403,1239.21,0
582.991,657387,1237.3,0
741.966,507091,955.497,0
785.785,526855,981.3,1
799.309,537893,1001.38,1
781.982,534915,993.499,1
810.837,550899,1022.91,1
797.902,506251,938.41,1
835.034,690843,1300.03,0
778.913,516325,959.627,1
606.532,389539,735.085,0
459.9,500534,943.202,0
796.746,495498,919.284,1
813.853,484144,897.906,1
818.11,511759,949.606,1
590.838,509506,960.024,0
580.694,591857,1114.43,0
725.067,643812,1211.85,0
864.307,522868,970.88,1
813.853,484144,897.906,1
580.101,594149,1118.73,0
799.31,537893,1001.38,1
766.713,527666,982.951,1
476.498,565725,1065.44,0
428.073,598481,1126.85,0
798.721,520927,968.594,1
517.654,475198,895.697,0
851.697,519049,962.396,1
441.19,554224,1043.87,0
476.515,565725,1065.44,0
771.126,532354,989.21,1
621.305,520905,981.397,0
722.526,662333,1246.57,0
813.853,484144,897.906,1
817.588,521269,967.889,1
774.623,546791,1016.43,1
826.6,535202,994.961,1
640.011,600173,1130.02,0
615.651,732029,1377.25,0
800.659,541816,1007.24,1
790.478,503872,935.035,1
747.167,772806,1453.71,0
798.72,520927,968.594,1
572.396,646172,1216.27,0
742.01,507091,955.497,0
781.983,534915,993.499,1
517.071,590575,1112.03,0
459.828,500534,943.202,0
538.156,574545,1081.97,0
813.853,484144,897.906,1
572.306,646172,1216.27,0
790.478,503872,935.035,1
532.482,536837,1011.27,0
451.247,644458,1213.06,0
867.769,519778,963.011,1
763.665,515166,956.665,1
799.729,525438,975.891,1
799.728,525438,975.891,1
848.38,535320,993.679,1
504.934,457856,863.18,0
612.003,546791,1016.43,1
785.786,526855,981.3,1
429.008,485281,914.602,0
789.834,520249,966.249,1
471.95,584773,1101.15,0
1579.06,673913,1268.29,0
790.994,531427,988.902,1
798.721,520927,968.594,1
590.938,449659,847.811,0
539.977,430959,812.749,0
738.796,531169,989.392,1
746.151,414006,780.962,0
775.612,527758,982.095,1
743.624,506861,943.505,1
863.024,525413,972.545,1
585.972,436013,822.224,0
870.379,512707,948.277,1
775.612,527758,982.095,1
582.982,657387,1237.3,0
582.668,580322,1092.81,0
820.613,522660,969.755,1
820.614,522660,969.755,1
819.567,537262,997.652,1
459.778,411055,775.429,0
776.792,523058,968.953,1
790.479,503872,935.035,1
580.87,789442,1484.9,0
763.324,523515,973.376,1
790.995,531427,988.902,1
459.696,411055,775.429,0
660.382,724237,1362.64,0
833.265,529899,984.258,1
441.136,554224,1043.87,0
585.924,605493,1140,0
612.315,527758,982.095,1
554.422,413433,851.205,0
802.487,526586,979.093,1
799.728,525438,975.891,1
743.623,506861,943.505,1
817.864,545006,1008.24,1
459.771,411055,775.429,0
851.697,519049,962.396,1
660.364,724237,1362.64,0
844.88,548020,1017.66,1
410.795,589718,1110.42,0
790.48,503872,935.035,1
554.396,413433,851.205,0
515.129,551064,1037.94,0
796.746,495498,919.284,1
806.479,531795,987.871,1
789.834,520249,966.249,1
428.15,598481,1126.85,0
789.681,527578,982.054,1
738.796,531169,989.392,1
504.934,457856,863.18,0
449.184,668752,1258.61,0
790.482,503872,935.035,1
820.372,508556,944.674,1
816.816,523363,974.214,1
490.771,625827,1178.13,0
810.435,508738,943.456,1
819.9,558228,1051.38,0
848.38,535320,993.679,1
851.698,519049,962.396,1
851.698,519049,962.396,1
283.042,477269,899.581,0
733.469,533647,991.295,1
532.068,509570,960.144,0
625.604,738969,1390.27,0
757.084,538811,1001.14,1
820.614,522660,969.755,1
835.058,690843,1300.03,0
867.768,519778,963.011,1
722.57,662333,1246.57,0
802.486,526586,979.093,1
624.074,567459,1068.69,0
1115.98,329200,621.95,0
766.877,514001,953.239,1
451.146,644458,1213.06,0
733.469,533647,991.295,1
811.68,536198,994.148,1
908.682,524168,969.633,1
848.381,535320,993.679,1
733.468,533647,991.295,1
790.482,503872,935.035,1
738.796,531169,989.392,1
819.891,558228,1051.38,0
785.88,521886,969.937,1
799.725,514111,957.06,1
518.305,519715,979.165,0
590.779,509506,960.024,0
761.997,495943,921.732,1
826.598,535202,994.961,1
794.364,542916,1008.87,1
649,535202,994.961,1
799.727,525438,975.891,1
908.682,524168,969.633,1
623.717,536198,994.148,1
735.357,482218,908.86,0
583.02,657387,1237.3,0
819.567,537262,997.652,1
781.983,534915,993.499,1
521.507,409274,772.09,0
799.31,537893,1001.38,1
367.937,385235,727.016,0
798.721,520927,968.594,1
531.996,509570,960.144,0
590.841,509506,960.024,0
348.3,610693,1149.75,0
590.814,509506,960.024,0
532.003,509570,960.144,0
412.666,414190,781.306,0
848.381,535320,993.679,1
725.02,643812,1211.85,0
806.999,522566,968.333,1
590.771,509506,960.024,0
586.595,395836,746.894,0
775.728,714262,1343.94,0
863.022,525413,972.545,1
781.227,522506,971.288,1
810.524,535380,995.159,1
811.68,536198,994.148,1
816.818,523363,974.214,1
516.632,760126,1429.94,0
785.785,526855,981.3,1
615.626,732029,1377.25,0
580.046,594149,1118.73,0
495.432,464850,876.294,0
590.848,509506,960.024,0
830.52,505442,937.788,1
830.402,528404,982.408,1
798.721,520927,968.594,1
819.566,537262,997.652,1
774.623,546791,1016.43,1
595.999,455996,859.692,0
567.198,468419,882.987,0
816.817,523363,974.214,1
801.998,538097,998.115,1
660.515,724237,1362.64,0
668.821,528085,981.101,1
813.853,484144,897.906,1
867.769,519778,963.011,1
817.587,521269,967.889,1
554.546,413433,851.205,0
664.703,513011,966.596,0
621.307,520905,981.397,0
479.375,525864,990.696,0
776.532,507843,944.735,1
580.685,591857,1114.43,0
517.685,475198,895.697,0
428.147,598481,1126.85,0
586.072,436013,822.224,0
533.928,606000,1140.95,0
283.082,477269,899.581,0
531.02,421923,795.806,0
775.613,527758,982.095,1
844.88,548020,1017.66,1
533.856,606000,1140.95,0
515.112,551064,1037.94,0
757.899,494480,918.404,1
590.834,509506,960.024,0
789.682,527578,982.054,1
785.881,521886,969.937,1
796.746,495498,919.284,1
455.95,628259,1182.69,0
283.029,477269,899.581,0
816.818,523363,974.214,1
776.533,507843,944.735,1
763.322,523515,973.376,1
494.295,358722,677.304,0
769.012,536471,994.27,1
663.42,523363,974.214,1
517.575,475198,895.697,0
461.351,389327,734.689,0
771.126,532354,989.21,1
781.982,534915,993.499,1
817.863,545006,1008.24,1
1267.65,585971,1103.4,0
623.904,567459,1068.69,0
810.795,531248,988.015,1
1115.98,329200,621.95,0
806.998,522566,968.333,1
820.373,508556,944.674,1
494.425,358722,677.304,0
806.999,522566,968.333,1
798.886,517161,960.232,1
790.478,503872,935.035,1
790.48,503872,935.035,1
585.876,605493,1140,0
781.226,522506,971.288,1
810.435,508738,943.456,1
778.281,529385,982.101,1
785.786,526855,981.3,1
582.558,580322,1092.81,0
605.108,534915,993.499,1
817.588,521269,967.889,1
796.746,495498,919.284,1
725.089,643812,1211.85,0
778.28,529385,982.101,1
693.868,366198,691.321,0
454.556,471388,888.553,0
527.772,635086,1195.49,0
631.758,527578,982.054,1
799.729,525438,975.891,1
738.796,531169,989.392,1
761.996,495943,921.732,1
766.712,527666,982.951,1
757.898,494480,918.404,1
693.92,366198,691.321,0
820.615,522660,969.755,1
991.607,628726,1183.56,0
799.31,537893,1001.38,1
747.259,772806,1453.71,0
793.469,518725,962.853,1
483.458,407391,768.558,0
847.048,549057,1017.86,1
456.034,628259,1182.69,0
370.097,610082,1148.6,0
725.115,643812,1211.85,0
372.122,537918,1013.3,0
991.714,628726,1183.56,0
785.785,526855,981.3,1
567.339,468419,882.987,0
